"Linkende Website, Linkziel"	Titel	"Linkziel (URL)"			Ankertext	Int	Ext	"Gefunden am"	"Zuletzt geprüft"
https://viralzonedirectory.com/website-list-de-30/	"Website List DE 30 - Viral Zone Directory"	https://fryka.de/	nofollow	text	fryka	43	5.009	2025-08-17	273d
https://socialzonedirectory.com/website-list-de-30/	"Website List DE 30 - Social Zone Directory"	https://fryka.de/	nofollow	text	fryka	43	5.009	2025-08-11	279d
https://socialnewsdirectory.com/website-list-de-30/	"Website List DE 30 - Social News Directory"	https://fryka.de/	nofollow	text	fryka	43	5.009	2025-08-11	279d
https://aifsy.com/website-list-de-30/	"Website List DE 30 – AIFSY"	https://fryka.de/	nofollow	text	fryka	60	5.007	2025-08-09	190d
https://dotpim.com/website-list-de-30/	"Website List DE 30 – DOTPIM"	https://fryka.de/	nofollow	text	fryka	47	5.002	2025-08-07	192d
https://ziptet.com/website-list-de-30/	"Website List DE 30 – ZIPTET"	https://fryka.de/	nofollow	text	fryka	51	5.007	2025-08-06	192d
https://vewnet.com/website-list-de-30/	"Website List DE 30 – VEWNET"	https://fryka.de/	nofollow	text	fryka	46	5.002	2025-08-06	200d
https://snapiy.com/website-list-de-30/	"Website List DE 30 – SNAPIY"	https://fryka.de/	nofollow	text	fryka	46	5.002	2025-08-06	200d
https://dotiqo.com/website-list-de-30/	"Website List DE 30 – DOTIQO"	https://fryka.de/	nofollow	text	fryka	50	5.006	2025-08-06	200d
https://aligow.com/website-list-de-30/	"Website List DE 30 – ALIGOW"	https://fryka.de/	nofollow	text	fryka	51	5.007	2025-08-06	200d
https://zomatt.com/website-list-de-30/	"Website List DE 30 – ZOMATT"	https://fryka.de/	nofollow	text	fryka	52	5.007	2025-08-05	192d
https://zlutag.com/website-list-de-30/	"Website List DE 30 – ZLUTAG"	https://fryka.de/	nofollow	text	fryka	51	5.007	2025-08-05	200d
https://zipzyx.com/website-list-de-30/	"Website List DE 30 – ZIPZYX"	https://fryka.de/	nofollow	text	fryka	51	5.007	2025-08-05	192d
https://ylutag.com/website-list-de-30/	"Website List DE 30 – YLUTAG"	https://fryka.de/	nofollow	text	fryka	52	5.007	2025-08-05	189d
https://yexhub.com/website-list-de-30/	"Website List DE 30 – YEXHUB"	https://fryka.de/	nofollow	text	fryka	51	5.007	2025-08-05	192d
https://yelpad.com/website-list-de-30/	"Website List DE 30 – YELPAD"	https://fryka.de/	nofollow	text	fryka	51	5.007	2025-08-05	210d
https://yellii.com/website-list-de-30/	"Website List DE 30 – YELLII"	https://fryka.de/	nofollow	text	fryka	52	5.007	2025-08-05	191d
https://webgoz.com/website-list-de-30/	"Website List DE 30 – WEBGOZ"	https://fryka.de/	nofollow	text	fryka	47	5.002	2025-08-05	189d
https://wayranks.com/marketing-consultancy/	"Marketing Consultancy - Way Ranks"	https://fryka.de/	dofollow	text	fryka	62	5.006	2025-08-05	187d
https://vayuc.com/website-list-de-30/	"Website List DE 30 – VAYUC"	https://fryka.de/	nofollow	text	fryka	62	5.007	2025-08-05	246d
https://sabns.com/website-list-de-30/	"Website List DE 30 – SABNS"	https://fryka.de/	nofollow	text	fryka	58	5.007	2025-08-05	190d
https://nexioe.com/website-list-de-30/	"Website List DE 30 – NEXIOE"	https://fryka.de/	nofollow	text	fryka	24	5.002	2025-08-05	200d
https://mantaw.com/website-list-de-30/	"Website List DE 30 – MANTAW"	https://fryka.de/	nofollow	text	fryka	51	5.007	2025-08-05	200d
https://hotfri.com/website-list-de-30/	"Website List DE 30 – HOTFRI"	https://fryka.de/	nofollow	text	fryka	52	5.007	2025-08-05	192d
https://gigbic.com/website-list-de-30/	"Website List DE 30 – GIGBIC"	https://fryka.de/	nofollow	text	fryka	52	5.007	2025-08-05	187d
https://fduty.com/website-list-de-30/	"Website List DE 30 – FDUTY"	https://fryka.de/	nofollow	text	fryka	55	5.007	2025-08-05	258d
https://fastoq.com/website-list-de-30/	"Website List DE 30 – FASTOQ"	https://fryka.de/	nofollow	text	fryka	51	5.007	2025-08-05	200d
https://byteyo.com/website-list-de-30/	"Website List DE 30 – BYTEYO"	https://fryka.de/	nofollow	text	fryka	52	5.007	2025-08-05	190d
https://wayranks.com/website-list-105/	"Website List-105 - Way Ranks"	https://fryka.de/	dofollow	text	fryka	62	5.005	2022-08-12	187d
http://www.ata-intgroup.ir/NewsDetail.aspx?NewsID=3006	"19th Congress on Reproductive Biomedicine & 14th Congress on Stem Cell Biology and Technology"	https://www.fryka.de/en	dofollow	text	Fryka	22	39	2021-12-04	1.590d
http://www.ata-intgroup.ir/NewsDetail.aspx?NewsID=3005	"The 4th International Congress on Reproduction"	https://www.fryka.de/en	dofollow	text	Fryka	23	39	2021-12-04	1.590d
http://www.ata-intgroup.ir/ProductDetail.aspx?id=1178	"مخزن نیتروژن قابل حمل | ATA-intgroup"	https://www.fryka.de/en	dofollow	text	Fryka	17	39	2021-08-14	1.590d
http://www.ata-intgroup.ir/News.aspx	"News | ATA-intgroup"	https://www.fryka.de/en	dofollow	text	Fryka	18	39	2021-08-14	1.590d
http://www.ata-intgroup.ir/ContactUs.aspx	"Contact US | ATA-intgroup"	https://www.fryka.de/en	dofollow	text	Fryka	16	39	2021-08-14	1.590d
http://www.ata-intgroup.ir/ProductDetail.aspx?id=17	"CSJM-S Series Ultrapure Water System | ATA-intgroup"	https://www.fryka.de/en	dofollow	text	Fryka	16	39	2021-08-07	1.597d
http://www.ata-intgroup.ir/ProductDetail.aspx?id=1213	"FX Module | ATA-intgroup"	https://www.fryka.de/en	dofollow	text	Fryka	17	39	2021-08-07	1.590d
http://ata-intgroup.ir/NewsDetail.aspx?NewsID=3005	"The 4th International Congress on Reproduction"	https://www.fryka.de/en	dofollow	text	Fryka	23	39	2021-08-07	1.597d
https://ata-intgroup.ir/Services.aspx?id=4	"In Vitro Fertilization | ATA-intgroup"	https://www.fryka.de/en	dofollow	text	Fryka	16	39	2021-07-17	1.597d
https://ata-intgroup.ir/Services.aspx?id=3	"Pathology & Histology | ATA-intgroup"	https://www.fryka.de/en	dofollow	text	Fryka	16	39	2021-07-17	1.590d
https://ata-intgroup.ir/Services.aspx?id=2	"Cord Blood & Stem Cell | ATA-intgroup"	https://www.fryka.de/en	dofollow	text	Fryka	16	40	2021-07-17	1.590d
https://ata-intgroup.ir/Services.aspx?id=1	"Biotechnology & Nanotechnology | ATA-intgroup"	https://www.fryka.de/en	dofollow	text	Fryka	16	39	2021-07-17	1.590d
https://ata-intgroup.ir/NewsDetail.aspx?NewsID=3006	"19th Congress on Reproductive Biomedicine & 14th Congress on Stem Cell Biology and Technology"	https://www.fryka.de/en	dofollow	text	Fryka	22	39	2021-07-17	1.590d
https://ata-intgroup.ir/NewsDetail.aspx?NewsID=3005	"The 4th International Congress on Reproduction"	https://www.fryka.de/en	dofollow	text	Fryka	23	39	2021-07-17	1.590d
https://ata-intgroup.ir/News.aspx	"News | ATA-intgroup"	https://www.fryka.de/en	dofollow	text	Fryka	18	39	2021-07-17	1.590d
https://ata-intgroup.ir/ContactUs.aspx	"Contact US | ATA-intgroup"	https://www.fryka.de/en	dofollow	text	Fryka	16	39	2021-07-17	1.597d
https://ata-intgroup.ir/AboutUs.aspx	"About US | ATA-intgroup"	https://www.fryka.de/en	dofollow	text	Fryka	16	39	2021-07-17	1.590d
https://ata-intgroup.ir/	"Home | ATA-intgroup"	https://www.fryka.de/en	dofollow	text	Fryka	36	59	2021-07-17	1.590d
https://ata-intgroup.ir/	"Home | ATA-intgroup"	https://www.fryka.de/en	dofollow	image	Fryka	36	59	2021-07-17	1.534d
http://www.ata-intgroup.ir/Services.aspx?id=4	"In Vitro Fertilization | ATA-intgroup"	https://www.fryka.de/en	dofollow	text	Fryka	16	39	2021-07-17	1.590d
http://www.ata-intgroup.ir/Services.aspx?id=3	"Pathology & Histology | ATA-intgroup"	https://www.fryka.de/en	dofollow	text	Fryka	16	39	2021-07-17	1.590d
http://www.ata-intgroup.ir/Services.aspx?id=2	"Cord Blood & Stem Cell | ATA-intgroup"	https://www.fryka.de/en	dofollow	text	Fryka	16	40	2021-07-17	1.590d
http://www.ata-intgroup.ir/Services.aspx?id=1	"Biotechnology & Nanotechnology | ATA-intgroup"	https://www.fryka.de/en	dofollow	text	Fryka	16	39	2021-07-17	1.590d
http://www.ata-intgroup.ir/Products.aspx?id=Water-Purification-System/16	"CSJM Series & Haier Tube Type Lab Centrifuge | ATA-intgroup"	https://www.fryka.de/en	dofollow	text	Fryka	22	39	2021-07-17	1.590d
http://www.ata-intgroup.ir/Products.aspx?id=Ultra-low%20temperature%20freezers%20%20-60%C2%B0%D0%A1...-90%C2%B0C/61	"Ultra-low temperature freezers -60°С...-90°C | ATA-intgroup"	https://www.fryka.de/en	dofollow	text	Fryka	22	39	2021-07-17	1.590d
http://www.ata-intgroup.ir/Products.aspx?id=Top-Loading-Autoclaves/26	"Top Loading Autoclaves | ATA-intgroup"	https://www.fryka.de/en	dofollow	text	Fryka	25	39	2021-07-17	1.590d
http://www.ata-intgroup.ir/Products.aspx?id=Thermostats/1066	"Thermostats | ATA-intgroup"	https://www.fryka.de/en	dofollow	text	Fryka	16	39	2021-07-17	1.590d
http://www.ata-intgroup.ir/Products.aspx?id=Spectroscopes/1067	"Spectroscopes | ATA-intgroup"	https://www.fryka.de/en	dofollow	text	Fryka	16	39	2021-07-17	1.590d
http://www.ata-intgroup.ir/Products.aspx?id=Spectrometers/1068	"Spectrometers | ATA-intgroup"	https://www.fryka.de/en	dofollow	text	Fryka	16	39	2021-07-17	1.590d
http://www.ata-intgroup.ir/Products.aspx?id=Refractometers/1060	"Refractometers | ATA-intgroup"	https://www.fryka.de/en	dofollow	text	Fryka	22	39	2021-07-17	1.590d
http://www.ata-intgroup.ir/Products.aspx?id=RSC-Autoclaves/25	"RSC Autoclaves | ATA-intgroup"	https://www.fryka.de/en	dofollow	text	Fryka	25	39	2021-07-17	1.590d
http://www.ata-intgroup.ir/Products.aspx?id=QFX-Flourometer/42	"فلورومتر | ATA-intgroup"	https://www.fryka.de/en	dofollow	text	Fryka	18	39	2021-07-17	1.590d
http://www.ata-intgroup.ir/Products.aspx?id=Preservation/19	"یخچال های آزمایشگاهی | ATA-intgroup"	https://www.fryka.de/en	dofollow	text	Fryka	19	39	2021-07-17	1.597d
http://www.ata-intgroup.ir/Products.aspx?id=Power-Door-Autoclaves/24	"Power Door Autoclaves | ATA-intgroup"	https://www.fryka.de/en	dofollow	text	Fryka	25	39	2021-07-17	1.590d
http://www.ata-intgroup.ir/Products.aspx?id=Polarimeters/1061	"Polarimeters | ATA-intgroup"	https://www.fryka.de/en	dofollow	text	Fryka	16	39	2021-07-17	1.590d
http://www.ata-intgroup.ir/Products.aspx?id=Microscopes/1065	"Microscopes | ATA-intgroup"	https://www.fryka.de/en	dofollow	text	Fryka	16	39	2021-07-17	1.590d
http://www.ata-intgroup.ir/Products.aspx?id=Liquid-Nitrogen-Containe/18	"مخازن نیتروژن مایع | ATA-intgroup"	https://www.fryka.de/en	dofollow	text	Fryka	30	39	2021-07-17	1.590d
http://www.ata-intgroup.ir/Products.aspx?id=Laminar-Flow-Cabinets/45	"Laminar Flow Cabinets | ATA-intgroup"	https://www.fryka.de/en	dofollow	text	Fryka	20	39	2021-07-17	1.590d
http://www.ata-intgroup.ir/Products.aspx?id=Laboratory%20and%20Pharmac%D1%83%20Refrigerators/78	"Laboratory and Pharmacу Refrigerators | ATA-intgroup"	https://www.fryka.de/en	dofollow	text	Fryka	26	39	2021-07-17	1.590d
http://www.ata-intgroup.ir/Products.aspx?id=Industrial-Special-Cabinet/4	"IVF Work Station | ATA-intgroup"	https://www.fryka.de/en	dofollow	text	Fryka	16	39	2021-07-17	1.597d
http://www.ata-intgroup.ir/Products.aspx?id=Incubators/1093	"Incubators | ATA-intgroup"	https://www.fryka.de/en	dofollow	text	Fryka	16	48	2021-07-17	1.590d
http://www.ata-intgroup.ir/Products.aspx?id=IVF-Lab-Products/39	"درمان ناباروری | ATA-intgroup"	https://www.fryka.de/en	dofollow	text	Fryka	26	39	2021-07-17	1.604d
http://www.ata-intgroup.ir/Products.aspx?id=Front-Loading-Autoclaves/23	"Front Loading Autoclaves | ATA-intgroup"	https://www.fryka.de/en	dofollow	text	Fryka	25	39	2021-07-17	1.590d
http://www.ata-intgroup.ir/Products.aspx?id=FX-Fluorometer-Module/43	"FX Fluorometer Module | ATA-intgroup"	https://www.fryka.de/en	dofollow	text	Fryka	16	39	2021-07-17	1.597d
http://www.ata-intgroup.ir/Products.aspx?id=Double-Door-Autoclaves/22	"Double Door Autoclaves | ATA-intgroup"	https://www.fryka.de/en	dofollow	text	Fryka	25	39	2021-07-17	1.590d
http://www.ata-intgroup.ir/Products.aspx?id=DS-11-Spectrophotometer/41	"نانودراپ | ATA-intgroup"	https://www.fryka.de/en	dofollow	text	Fryka	20	39	2021-07-17	1.590d
http://www.ata-intgroup.ir/Products.aspx?id=Cultured-Cell-Monitoring-Syste/36	"Cultured Cell Monitoring System | ATA-intgroup"	https://www.fryka.de/en	dofollow	text	Fryka	19	39	2021-07-17	1.590d
http://www.ata-intgroup.ir/Products.aspx?id=Cryogenic-Supplies/15	"CryoGT Group | ATA-intgroup"	https://www.fryka.de/en	dofollow	text	Fryka	18	39	2021-07-17	1.597d
http://www.ata-intgroup.ir/Products.aspx?id=Cryogenic%20Oxygen%20Plant%20%E2%80%93%20COP60/1058	"Cryogenic Oxygen Plant – COP60 | ATA-intgroup"	https://www.fryka.de/en	dofollow	text	Fryka	16	39	2021-07-17	1.590d
http://www.ata-intgroup.ir/Products.aspx?id=Cryogenic%20Nitrogen%20Plant%20%E2%80%93%20CNP60/1054	"Cryogenic Nitrogen Plant – CNP60 | ATA-intgroup"	https://www.fryka.de/en	dofollow	text	Fryka	16	39	2021-07-17	1.590d
http://www.ata-intgroup.ir/Products.aspx?id=Cryogenic%20Nitrogen%20Plant%20%E2%80%93%20CNP20/1053	"Cryogenic Nitrogen Plant – CNP20 | ATA-intgroup"	https://www.fryka.de/en	dofollow	text	Fryka	16	39	2021-07-17	1.590d
http://www.ata-intgroup.ir/Products.aspx?id=Cryogenic%20Nitrogen%20Plant%20%E2%80%93%20CNP120/1055	"Cryogenic Nitrogen Plant – CNP120 | ATA-intgroup"	https://www.fryka.de/en	dofollow	text	Fryka	16	39	2021-07-17	1.590d
http://www.ata-intgroup.ir/Products.aspx?id=Cryogenic%20Nitrogen%20Plant%20%E2%80%93%20CNLab10/1056	"Cryogenic Nitrogen Plant – CNLab10 | ATA-intgroup"	https://www.fryka.de/en	dofollow	text	Fryka	16	39	2021-07-17	1.590d
http://www.ata-intgroup.ir/Products.aspx?id=Cryogenic%20Argon%20Plant%20%E2%80%93%20CAP60/1059	"Cryogenic Argon Plant – CAP60 | ATA-intgroup"	https://www.fryka.de/en	dofollow	text	Fryka	16	39	2021-07-17	1.590d
http://www.ata-intgroup.ir/Products.aspx?id=CryoKit-Gloves/80	"دستکش محافظ کار با نیتروژن | ATA-intgroup"	https://www.fryka.de/en	dofollow	text	Fryka	18	39	2021-07-17	1.590d
http://www.ata-intgroup.ir/Products.aspx?id=Coagulometer/1076	"Coagulometer | ATA-intgroup"	https://www.fryka.de/en	dofollow	text	Fryka	16	41	2021-07-17	1.590d
http://www.ata-intgroup.ir/Products.aspx?id=Clean-Bench/13	"Clean Bench | ATA-intgroup"	https://www.fryka.de/en	dofollow	text	Fryka	18	39	2021-07-17	1.590d
http://www.ata-intgroup.ir/Products.aspx?id=Class-II-Biological-Safety-Cabinets/44	"Class II Biological Safety Cabinets | ATA-intgroup"	https://www.fryka.de/en	dofollow	text	Fryka	20	39	2021-07-17	1.590d
http://www.ata-intgroup.ir/Products.aspx?id=Chemical-Hoods/3	"Chemical Hoods | ATA-intgroup"	https://www.fryka.de/en	dofollow	text	Fryka	16	39	2021-07-17	1.590d
http://www.ata-intgroup.ir/Products.aspx?id=Cell-Culture-Products/34	"کشت سلول | ATA-intgroup"	https://www.fryka.de/en	dofollow	text	Fryka	18	39	2021-07-17	1.604d
http://www.ata-intgroup.ir/Products.aspx?id=CO2-Incubator/14	"فریزرهای آزمایشگاهی | ATA-intgroup"	https://www.fryka.de/en	dofollow	text	Fryka	21	39	2021-07-17	1.590d
http://www.ata-intgroup.ir/Products.aspx?id=Blood%20Bank%20Freezers,%20-20%C2%B0C...-40%C2%B0C/62	"Blood Bank Freezers, -20°C...-40°C | ATA-intgroup"	https://www.fryka.de/en	dofollow	text	Fryka	18	39	2021-07-17	1.590d
http://www.ata-intgroup.ir/Products.aspx?id=Biological-Safety-Cabinet/12	"هودهای آزمایشگاهی | ATA-intgroup"	https://www.fryka.de/en	dofollow	text	Fryka	18	39	2021-07-17	1.590d
http://www.ata-intgroup.ir/Products.aspx?id=Benchtop-Autoclaves/21	"Benchtop Autoclaves | ATA-intgroup"	https://www.fryka.de/en	dofollow	text	Fryka	21	39	2021-07-17	1.590d
http://www.ata-intgroup.ir/Products.aspx?id=Astec-Gene-manipulation-products/38	"ژنتیک | ATA-intgroup"	https://www.fryka.de/en	dofollow	text	Fryka	20	39	2021-07-17	1.597d
http://www.ata-intgroup.ir/Products.aspx?id=Astec-Clean-Technology/37	"Astec Clean Technology | ATA-intgroup"	https://www.fryka.de/en	dofollow	text	Fryka	20	39	2021-07-17	1.597d
http://www.ata-intgroup.ir/Products.aspx?id=Advanced-Therapy-Isolator/1	"Advanced Therapy Isolater | ATA-intgroup"	https://www.fryka.de/en	dofollow	text	Fryka	16	39	2021-07-17	1.590d
http://www.ata-intgroup.ir/ProductDetail.aspx?id=99	"Direct Heat Type CO2 and Tri-Gas Incubator | ATA-intgroup"	https://www.fryka.de/en	dofollow	text	Fryka	16	39	2021-07-17	1.590d
http://www.ata-intgroup.ir/ProductDetail.aspx?id=98	"Water Jacket Type CO2 And Tri-Gas Incubator | ATA-intgroup"	https://www.fryka.de/en	dofollow	text	Fryka	16	39	2021-07-17	1.590d
http://www.ata-intgroup.ir/ProductDetail.aspx?id=97	"Water Jacket Type CO2 And Tri-Gas Incubator | ATA-intgroup"	https://www.fryka.de/en	dofollow	text	Fryka	16	39	2021-07-17	1.604d
http://www.ata-intgroup.ir/ProductDetail.aspx?id=96	"Block Incubator | ATA-intgroup"	https://www.fryka.de/en	dofollow	text	Fryka	16	39	2021-07-17	1.590d
http://www.ata-intgroup.ir/ProductDetail.aspx?id=9	"HR40-IIB2 | ATA-intgroup"	https://www.fryka.de/en	dofollow	text	Fryka	16	39	2021-07-17	1.590d
http://www.ata-intgroup.ir/ProductDetail.aspx?id=8	"HR60-IIA2 | ATA-intgroup"	https://www.fryka.de/en	dofollow	text	Fryka	16	39	2021-07-17	1.590d
http://www.ata-intgroup.ir/ProductDetail.aspx?id=79	"60L Compact Priorclave | ATA-intgroup"	https://www.fryka.de/en	dofollow	text	Fryka	16	39	2021-07-17	1.590d
http://www.ata-intgroup.ir/ProductDetail.aspx?id=78	"Compact 60 Vacuum Priorclave | ATA-intgroup"	https://www.fryka.de/en	dofollow	text	Fryka	16	39	2021-07-17	1.590d
http://www.ata-intgroup.ir/ProductDetail.aspx?id=77	"Top Loading 100L Priorclave | ATA-intgroup"	https://www.fryka.de/en	dofollow	text	Fryka	16	39	2021-07-17	1.590d
http://www.ata-intgroup.ir/ProductDetail.aspx?id=76	"Top Loading 100L Steam Heated Priorclave | ATA-intgroup"	https://www.fryka.de/en	dofollow	text	Fryka	16	39	2021-07-17	1.590d
http://www.ata-intgroup.ir/ProductDetail.aspx?id=75	"Top Loading 100L Vacuum Priorclave | ATA-intgroup"	https://www.fryka.de/en	dofollow	text	Fryka	16	39	2021-07-17	1.590d
http://www.ata-intgroup.ir/ProductDetail.aspx?id=74	"Top Loading 150L Priorclave | ATA-intgroup"	https://www.fryka.de/en	dofollow	text	Fryka	16	39	2021-07-17	1.590d
http://www.ata-intgroup.ir/ProductDetail.aspx?id=73	"Top Loading 150L Steam Heated Priorclave | ATA-intgroup"	https://www.fryka.de/en	dofollow	text	Fryka	16	39	2021-07-17	1.590d
http://www.ata-intgroup.ir/ProductDetail.aspx?id=72	"Top Loading 150L Vacuum Priorclave | ATA-intgroup"	https://www.fryka.de/en	dofollow	text	Fryka	16	39	2021-07-17	1.590d
http://www.ata-intgroup.ir/ProductDetail.aspx?id=71	"230L RSC Priorclave | ATA-intgroup"	https://www.fryka.de/en	dofollow	text	Fryka	16	39	2021-07-17	1.590d
http://www.ata-intgroup.ir/ProductDetail.aspx?id=70	"230L Steam Heated RSC Priorclave | ATA-intgroup"	https://www.fryka.de/en	dofollow	text	Fryka	16	39	2021-07-17	1.590d
http://www.ata-intgroup.ir/ProductDetail.aspx?id=7	"HR900-IIA2 | ATA-intgroup"	https://www.fryka.de/en	dofollow	text	Fryka	16	39	2021-07-17	1.590d
http://www.ata-intgroup.ir/ProductDetail.aspx?id=69	"350L RSC Priorclave | ATA-intgroup"	https://www.fryka.de/en	dofollow	text	Fryka	16	39	2021-07-17	1.590d
http://www.ata-intgroup.ir/ProductDetail.aspx?id=68	"350L Steam Heated RSC Priorclave | ATA-intgroup"	https://www.fryka.de/en	dofollow	text	Fryka	16	39	2021-07-17	1.590d
http://www.ata-intgroup.ir/ProductDetail.aspx?id=67	"450L RSC Priorclave | ATA-intgroup"	https://www.fryka.de/en	dofollow	text	Fryka	16	39	2021-07-17	1.590d
http://www.ata-intgroup.ir/ProductDetail.aspx?id=66	"450L Steam Heated RSC Priorclave | ATA-intgroup"	https://www.fryka.de/en	dofollow	text	Fryka	16	39	2021-07-17	1.590d
http://www.ata-intgroup.ir/ProductDetail.aspx?id=65	"700L RSC Priorclave | ATA-intgroup"	https://www.fryka.de/en	dofollow	text	Fryka	16	39	2021-07-17	1.597d
http://www.ata-intgroup.ir/ProductDetail.aspx?id=64	"700L Steam Heated RSC Priorclave | ATA-intgroup"	https://www.fryka.de/en	dofollow	text	Fryka	16	39	2021-07-17	1.590d
http://www.ata-intgroup.ir/ProductDetail.aspx?id=63	"230L Power Door Priorclave | ATA-intgroup"	https://www.fryka.de/en	dofollow	text	Fryka	16	39	2021-07-17	1.590d
http://www.ata-intgroup.ir/ProductDetail.aspx?id=62	"230L Power Door Steam Heated Priorclave | ATA-intgroup"	https://www.fryka.de/en	dofollow	text	Fryka	16	39	2021-07-17	1.590d
http://www.ata-intgroup.ir/ProductDetail.aspx?id=61	"350L Power Door Priorclave | ATA-intgroup"	https://www.fryka.de/en	dofollow	text	Fryka	16	39	2021-07-17	1.590d
http://www.ata-intgroup.ir/ProductDetail.aspx?id=60	"350L Power Door Steam Heated Priorclave | ATA-intgroup"	https://www.fryka.de/en	dofollow	text	Fryka	16	39	2021-07-17	1.590d
http://www.ata-intgroup.ir/ProductDetail.aspx?id=6	"HR1200-IIA2 | ATA-intgroup"	https://www.fryka.de/en	dofollow	text	Fryka	16	39	2021-07-17	1.590d
http://www.ata-intgroup.ir/ProductDetail.aspx?id=59	"450L Power Door Priorclave | ATA-intgroup"	https://www.fryka.de/en	dofollow	text	Fryka	16	39	2021-07-17	1.590d
http://www.ata-intgroup.ir/ProductDetail.aspx?id=58	"450L Power Door Steam Heated Priorclave | ATA-intgroup"	https://www.fryka.de/en	dofollow	text	Fryka	16	39	2021-07-17	1.590d
http://www.ata-intgroup.ir/ProductDetail.aspx?id=57	"700L Power Door Priorclave | ATA-intgroup"	https://www.fryka.de/en	dofollow	text	Fryka	16	39	2021-07-17	1.597d
http://www.ata-intgroup.ir/ProductDetail.aspx?id=56	"700L Power Door Steam Heated Priorclave | ATA-intgroup"	https://www.fryka.de/en	dofollow	text	Fryka	16	39	2021-07-17	1.590d
http://www.ata-intgroup.ir/ProductDetail.aspx?id=55	"Front Loading 150L Priorclave | ATA-intgroup"	https://www.fryka.de/en	dofollow	text	Fryka	16	39	2021-07-17	1.590d
http://www.ata-intgroup.ir/ProductDetail.aspx?id=54	"Front Loading 150L Steam Heated Priorclave | ATA-intgroup"	https://www.fryka.de/en	dofollow	text	Fryka	16	39	2021-07-17	1.590d
http://www.ata-intgroup.ir/ProductDetail.aspx?id=53	"Front Loading 150L Vacuum Priorclave | ATA-intgroup"	https://www.fryka.de/en	dofollow	text	Fryka	16	39	2021-07-17	1.590d
http://www.ata-intgroup.ir/ProductDetail.aspx?id=52	"Front Loading 200L Priorclave | ATA-intgroup"	https://www.fryka.de/en	dofollow	text	Fryka	16	39	2021-07-17	1.590d
http://www.ata-intgroup.ir/ProductDetail.aspx?id=51	"Front Loading 200L Steam Heated Priorclave | ATA-intgroup"	https://www.fryka.de/en	dofollow	text	Fryka	16	39	2021-07-17	1.590d
http://www.ata-intgroup.ir/ProductDetail.aspx?id=50	"Front Loading 200L Vacuum Priorclave | ATA-intgroup"	https://www.fryka.de/en	dofollow	text	Fryka	16	39	2021-07-17	1.590d
http://www.ata-intgroup.ir/ProductDetail.aspx?id=5	"HR1500-IIA2 | ATA-intgroup"	https://www.fryka.de/en	dofollow	text	Fryka	16	39	2021-07-17	1.590d
http://www.ata-intgroup.ir/ProductDetail.aspx?id=49	"Front Loading 320L Priorclave | ATA-intgroup"	https://www.fryka.de/en	dofollow	text	Fryka	16	39	2021-07-17	1.590d
http://www.ata-intgroup.ir/ProductDetail.aspx?id=48	"Front Loading 320L Steam Heated Priorclave | ATA-intgroup"	https://www.fryka.de/en	dofollow	text	Fryka	16	39	2021-07-17	1.590d
http://www.ata-intgroup.ir/ProductDetail.aspx?id=47	"200L Pass-Through Priorclave | ATA-intgroup"	https://www.fryka.de/en	dofollow	text	Fryka	16	39	2021-07-17	1.590d
http://www.ata-intgroup.ir/ProductDetail.aspx?id=46	"200L Pass-Through Steam Heated Priorclave | ATA-intgroup"	https://www.fryka.de/en	dofollow	text	Fryka	16	39	2021-07-17	1.590d
http://www.ata-intgroup.ir/ProductDetail.aspx?id=45	"400L Pass-Through Priorclave | ATA-intgroup"	https://www.fryka.de/en	dofollow	text	Fryka	16	39	2021-07-17	1.590d
http://www.ata-intgroup.ir/ProductDetail.aspx?id=44	"400L Pass-Through Steam Heated Priorclave | ATA-intgroup"	https://www.fryka.de/en	dofollow	text	Fryka	16	39	2021-07-17	1.597d
http://www.ata-intgroup.ir/ProductDetail.aspx?id=43	"450L Pass-Through Priorclave | ATA-intgroup"	https://www.fryka.de/en	dofollow	text	Fryka	16	39	2021-07-17	1.590d
http://www.ata-intgroup.ir/ProductDetail.aspx?id=42	"450L Pass-Through Steam Heated Priorclave | ATA-intgroup"	https://www.fryka.de/en	dofollow	text	Fryka	16	39	2021-07-17	1.590d
http://www.ata-intgroup.ir/ProductDetail.aspx?id=41	"700L Pass-Through Priorclave | ATA-intgroup"	https://www.fryka.de/en	dofollow	text	Fryka	16	39	2021-07-17	1.590d
http://www.ata-intgroup.ir/ProductDetail.aspx?id=40	"700L Pass-Through Steam Heated Priorclave | ATA-intgroup"	https://www.fryka.de/en	dofollow	text	Fryka	16	39	2021-07-17	1.590d
http://www.ata-intgroup.ir/ProductDetail.aspx?id=39	"Compact 40 Benchtop Priorclave | ATA-intgroup"	https://www.fryka.de/en	dofollow	text	Fryka	16	39	2021-07-17	1.590d
http://www.ata-intgroup.ir/ProductDetail.aspx?id=38	"Compact 40 Vacuum Benchtop Priorclave | ATA-intgroup"	https://www.fryka.de/en	dofollow	text	Fryka	16	39	2021-07-17	1.590d
http://www.ata-intgroup.ir/ProductDetail.aspx?id=37	"Compact 60 Benchtop Priorclave | ATA-intgroup"	https://www.fryka.de/en	dofollow	text	Fryka	16	39	2021-07-17	1.590d
http://www.ata-intgroup.ir/ProductDetail.aspx?id=36	"Compact 60 Vacuum Benchtop Priorclave | ATA-intgroup"	https://www.fryka.de/en	dofollow	text	Fryka	16	39	2021-07-17	1.590d
http://www.ata-intgroup.ir/ProductDetail.aspx?id=35	"HXC-1308B | ATA-intgroup"	https://www.fryka.de/en	dofollow	text	Fryka	16	39	2021-07-17	1.590d
http://www.ata-intgroup.ir/ProductDetail.aspx?id=34	"DW-40L278 | ATA-intgroup"	https://www.fryka.de/en	dofollow	text	Fryka	16	39	2021-07-17	1.604d
http://www.ata-intgroup.ir/ProductDetail.aspx?id=33	"DW-40L508 | ATA-intgroup"	https://www.fryka.de/en	dofollow	text	Fryka	16	39	2021-07-17	1.590d
http://www.ata-intgroup.ir/ProductDetail.aspx?id=32	"DW-40L348 | ATA-intgroup"	https://www.fryka.de/en	dofollow	text	Fryka	16	39	2021-07-17	1.590d
http://www.ata-intgroup.ir/ProductDetail.aspx?id=31	"DW-40L262 | ATA-intgroup"	https://www.fryka.de/en	dofollow	text	Fryka	16	39	2021-07-17	1.590d
http://www.ata-intgroup.ir/ProductDetail.aspx?id=30	"DW-40L92 | ATA-intgroup"	https://www.fryka.de/en	dofollow	text	Fryka	16	39	2021-07-17	1.590d
http://www.ata-intgroup.ir/ProductDetail.aspx?id=29	"DW-40W380 | ATA-intgroup"	https://www.fryka.de/en	dofollow	text	Fryka	16	39	2021-07-17	1.590d
http://www.ata-intgroup.ir/ProductDetail.aspx?id=28	"DW-40W255 | ATA-intgroup"	https://www.fryka.de/en	dofollow	text	Fryka	16	39	2021-07-17	1.590d
http://www.ata-intgroup.ir/ProductDetail.aspx?id=27	"DW-40W100 | ATA-intgroup"	https://www.fryka.de/en	dofollow	text	Fryka	16	39	2021-07-17	1.590d
http://www.ata-intgroup.ir/ProductDetail.aspx?id=26	"High Capacity Stainless Steel LNC | ATA-intgroup"	https://www.fryka.de/en	dofollow	text	Fryka	16	39	2021-07-17	1.590d
http://www.ata-intgroup.ir/ProductDetail.aspx?id=25	"Liquid Nitrogen Container For Storage | ATA-intgroup"	https://www.fryka.de/en	dofollow	text	Fryka	16	39	2021-07-17	1.590d
http://www.ata-intgroup.ir/ProductDetail.aspx?id=24	"Liquid Nitrogen Container For Transportation | ATA-intgroup"	https://www.fryka.de/en	dofollow	text	Fryka	16	39	2021-07-17	1.590d
http://www.ata-intgroup.ir/ProductDetail.aspx?id=23	"Stainless Auto Refill System | ATA-intgroup"	https://www.fryka.de/en	dofollow	text	Fryka	16	39	2021-07-17	1.590d
http://www.ata-intgroup.ir/ProductDetail.aspx?id=22	"Table Top High Speed Refrigerated Centrifuge | ATA-intgroup"	https://www.fryka.de/en	dofollow	text	Fryka	16	39	2021-07-17	1.590d
http://www.ata-intgroup.ir/ProductDetail.aspx?id=21	"Table Top Low Speed Large Capacity Centrifuge | ATA-intgroup"	https://www.fryka.de/en	dofollow	text	Fryka	16	39	2021-07-17	1.597d
http://www.ata-intgroup.ir/ProductDetail.aspx?id=20	"CSJM-D Series Ultrapure Water System | ATA-intgroup"	https://www.fryka.de/en	dofollow	text	Fryka	16	39	2021-07-17	1.590d
http://www.ata-intgroup.ir/ProductDetail.aspx?id=19	"CSJM-Q Series Deionized Water System | ATA-intgroup"	https://www.fryka.de/en	dofollow	text	Fryka	16	39	2021-07-17	1.597d
http://www.ata-intgroup.ir/ProductDetail.aspx?id=18	"CSJM-R Series Two Stage Reverse Osmosis Pure Ultrapure Water System | ATA-intgroup"	https://www.fryka.de/en	dofollow	text	Fryka	16	39	2021-07-17	1.590d
http://www.ata-intgroup.ir/ProductDetail.aspx?id=169	"CCM-iBIS Time Laps Incubator | ATA-intgroup"	https://www.fryka.de/en	dofollow	text	Fryka	16	39	2021-07-17	1.590d
http://www.ata-intgroup.ir/ProductDetail.aspx?id=168	"Embryo Observation Systems CCM-IVF | ATA-intgroup"	https://www.fryka.de/en	dofollow	text	Fryka	16	39	2021-07-17	1.590d
http://www.ata-intgroup.ir/ProductDetail.aspx?id=164	"Double zone pharmaceutical refrigerator and freezer FRV-250 | ATA-intgroup"	https://www.fryka.de/en	dofollow	text	Fryka	16	39	2021-07-17	1.590d
http://www.ata-intgroup.ir/ProductDetail.aspx?id=163	"Double zone pharmaceutical refrigerator and freezer FRV-340 | ATA-intgroup"	https://www.fryka.de/en	dofollow	text	Fryka	16	39	2021-07-17	1.590d
http://www.ata-intgroup.ir/ProductDetail.aspx?id=161	"Double zone pharmaceutical refrigerator DZV-280 | ATA-intgroup"	https://www.fryka.de/en	dofollow	text	Fryka	16	39	2021-07-17	1.590d
http://www.ata-intgroup.ir/ProductDetail.aspx?id=160	"Pharmaceutical refrigerator PRV-140G | ATA-intgroup"	https://www.fryka.de/en	dofollow	text	Fryka	16	39	2021-07-17	1.590d
http://www.ata-intgroup.ir/ProductDetail.aspx?id=16	"Freezer Boxes | ATA-intgroup"	https://www.fryka.de/en	dofollow	text	Fryka	16	39	2021-07-17	1.590d
http://www.ata-intgroup.ir/ProductDetail.aspx?id=159	"Pharmaceutical refrigerator PRV-140S | ATA-intgroup"	https://www.fryka.de/en	dofollow	text	Fryka	16	39	2021-07-17	1.590d
http://www.ata-intgroup.ir/ProductDetail.aspx?id=158	"Pharmaceutical refrigerator PRV-250S | ATA-intgroup"	https://www.fryka.de/en	dofollow	text	Fryka	16	39	2021-07-17	1.590d
http://www.ata-intgroup.ir/ProductDetail.aspx?id=157	"Pharmaceutical refrigerator PRV-250G | ATA-intgroup"	https://www.fryka.de/en	dofollow	text	Fryka	16	39	2021-07-17	1.590d
http://www.ata-intgroup.ir/ProductDetail.aspx?id=156	"Pharmaceutical refrigerator PRV-400G | ATA-intgroup"	https://www.fryka.de/en	dofollow	text	Fryka	16	39	2021-07-17	1.590d
http://www.ata-intgroup.ir/ProductDetail.aspx?id=155	"Pharmaceutical refrigerator with advertising panel PRV-400GA | ATA-intgroup"	https://www.fryka.de/en	dofollow	text	Fryka	16	39	2021-07-17	1.590d
http://www.ata-intgroup.ir/ProductDetail.aspx?id=154	"Pharmaceutical refrigerator PRV-400S | ATA-intgroup"	https://www.fryka.de/en	dofollow	text	Fryka	16	39	2021-07-17	1.590d
http://www.ata-intgroup.ir/ProductDetail.aspx?id=15	"Stainless Steel Racks | ATA-intgroup"	https://www.fryka.de/en	dofollow	text	Fryka	16	39	2021-07-17	1.590d
http://www.ata-intgroup.ir/ProductDetail.aspx?id=149	"Benchtop Homogenizers | ATA-intgroup"	https://www.fryka.de/en	dofollow	text	Fryka	16	39	2021-07-17	1.590d
http://www.ata-intgroup.ir/ProductDetail.aspx?id=148	"Digital Homogenizers | ATA-intgroup"	https://www.fryka.de/en	dofollow	text	Fryka	16	39	2021-07-17	1.590d
http://www.ata-intgroup.ir/ProductDetail.aspx?id=147	"Hand-Held Homogenizers | ATA-intgroup"	https://www.fryka.de/en	dofollow	text	Fryka	16	39	2021-07-17	1.590d
http://www.ata-intgroup.ir/ProductDetail.aspx?id=146	"DPS-20 Dual Homogenizing System | ATA-intgroup"	https://www.fryka.de/en	dofollow	text	Fryka	16	39	2021-07-17	1.590d
http://www.ata-intgroup.ir/ProductDetail.aspx?id=145	"Multi-Prep Rapid Homogenizer | ATA-intgroup"	https://www.fryka.de/en	dofollow	text	Fryka	16	39	2021-07-17	1.597d
http://www.ata-intgroup.ir/ProductDetail.aspx?id=143	"Low temperature freezer BFV-220 | ATA-intgroup"	https://www.fryka.de/en	dofollow	text	Fryka	16	39	2021-07-17	1.590d
http://www.ata-intgroup.ir/ProductDetail.aspx?id=142	"Low temperature chest freezer BFC-180 | ATA-intgroup"	https://www.fryka.de/en	dofollow	text	Fryka	16	39	2021-07-17	1.590d
http://www.ata-intgroup.ir/ProductDetail.aspx?id=141	"Ultra-low temperature freezer ULV-200 | ATA-intgroup"	https://www.fryka.de/en	dofollow	text	Fryka	16	39	2021-07-17	1.590d
http://www.ata-intgroup.ir/ProductDetail.aspx?id=140	"Ultra-low temperature freezer ULC -15 | ATA-intgroup"	https://www.fryka.de/en	dofollow	text	Fryka	16	39	2021-07-17	1.590d
http://www.ata-intgroup.ir/ProductDetail.aspx?id=14	"CO2 Incubator | ATA-intgroup"	https://www.fryka.de/en	dofollow	text	Fryka	16	39	2021-07-17	1.590d
http://www.ata-intgroup.ir/ProductDetail.aspx?id=139	"Ultra-low temperature freezer ULC-30 | ATA-intgroup"	https://www.fryka.de/en	dofollow	text	Fryka	16	39	2021-07-17	1.590d
http://www.ata-intgroup.ir/ProductDetail.aspx?id=138	"Ultra-low temperature freezer ULC-80 | ATA-intgroup"	https://www.fryka.de/en	dofollow	text	Fryka	16	39	2021-07-17	1.590d
http://www.ata-intgroup.ir/ProductDetail.aspx?id=137	"Ultra-low temperature freezer ULC-200 | ATA-intgroup"	https://www.fryka.de/en	dofollow	text	Fryka	16	39	2021-07-17	1.590d
http://www.ata-intgroup.ir/ProductDetail.aspx?id=136	"Ultra-low temperature freezer ULV-300 | ATA-intgroup"	https://www.fryka.de/en	dofollow	text	Fryka	16	39	2021-07-17	1.590d
http://www.ata-intgroup.ir/ProductDetail.aspx?id=13	"HCB-900V | ATA-intgroup"	https://www.fryka.de/en	dofollow	text	Fryka	16	39	2021-07-17	1.590d
http://www.ata-intgroup.ir/ProductDetail.aspx?id=129	"AURA VERTICAL S.D.4 | ATA-intgroup"	https://www.fryka.de/en	dofollow	text	Fryka	16	39	2021-07-17	1.590d
http://www.ata-intgroup.ir/ProductDetail.aspx?id=128	"AURA PCR | ATA-intgroup"	https://www.fryka.de/en	dofollow	text	Fryka	16	39	2021-07-17	1.597d
http://www.ata-intgroup.ir/ProductDetail.aspx?id=127	"AURA Mini | ATA-intgroup"	https://www.fryka.de/en	dofollow	text	Fryka	16	39	2021-07-17	1.597d
http://www.ata-intgroup.ir/ProductDetail.aspx?id=126	"AURA HZ | ATA-intgroup"	https://www.fryka.de/en	dofollow	text	Fryka	16	39	2021-07-17	1.597d
http://www.ata-intgroup.ir/ProductDetail.aspx?id=125	"TopSafe | ATA-intgroup"	https://www.fryka.de/en	dofollow	text	Fryka	16	39	2021-07-17	1.597d
http://www.ata-intgroup.ir/ProductDetail.aspx?id=124	"SafeMate ECO | ATA-intgroup"	https://www.fryka.de/en	dofollow	text	Fryka	16	39	2021-07-17	1.590d
http://www.ata-intgroup.ir/ProductDetail.aspx?id=123	"SafeMate Cyto | ATA-intgroup"	https://www.fryka.de/en	dofollow	text	Fryka	16	39	2021-07-17	1.597d
http://www.ata-intgroup.ir/ProductDetail.aspx?id=122	"Safe Flow | ATA-intgroup"	https://www.fryka.de/en	dofollow	text	Fryka	16	39	2021-07-17	1.590d
http://www.ata-intgroup.ir/ProductDetail.aspx?id=1211	"QFX | ATA-intgroup"	https://www.fryka.de/en	dofollow	text	Fryka	17	39	2021-07-17	1.590d
http://www.ata-intgroup.ir/ProductDetail.aspx?id=1210	"+DS-11FX | ATA-intgroup"	https://www.fryka.de/en	dofollow	text	Fryka	17	39	2021-07-17	1.597d
http://www.ata-intgroup.ir/ProductDetail.aspx?id=121	"Embrio Observation System | ATA-intgroup"	https://www.fryka.de/en	dofollow	text	Fryka	16	39	2021-07-17	1.590d
http://www.ata-intgroup.ir/ProductDetail.aspx?id=1209	"DS-11FX | ATA-intgroup"	https://www.fryka.de/en	dofollow	text	Fryka	17	39	2021-07-17	1.590d
http://www.ata-intgroup.ir/ProductDetail.aspx?id=1208	"+DS-11 | ATA-intgroup"	https://www.fryka.de/en	dofollow	text	Fryka	17	39	2021-07-17	1.590d
http://www.ata-intgroup.ir/ProductDetail.aspx?id=1207	"DS-11 | ATA-intgroup"	https://www.fryka.de/en	dofollow	text	Fryka	17	39	2021-07-17	1.590d
http://www.ata-intgroup.ir/ProductDetail.aspx?id=1204	"GHETTE CRYO | ATA-intgroup"	https://www.fryka.de/en	dofollow	text	Fryka	16	39	2021-07-17	1.590d
http://www.ata-intgroup.ir/ProductDetail.aspx?id=1203	"T CRYO LIGHT | ATA-intgroup"	https://www.fryka.de/en	dofollow	text	Fryka	17	39	2021-07-17	1.590d
http://www.ata-intgroup.ir/ProductDetail.aspx?id=1202	"CRYO LITE | ATA-intgroup"	https://www.fryka.de/en	dofollow	text	Fryka	17	40	2021-07-17	1.590d
http://www.ata-intgroup.ir/ProductDetail.aspx?id=1201	"CRYO PLUS | ATA-intgroup"	https://www.fryka.de/en	dofollow	text	Fryka	17	39	2021-07-17	1.590d
http://www.ata-intgroup.ir/ProductDetail.aspx?id=120	"IVF CUBE | ATA-intgroup"	https://www.fryka.de/en	dofollow	text	Fryka	16	39	2021-07-17	1.590d
http://www.ata-intgroup.ir/ProductDetail.aspx?id=12	"HCB-1300V | ATA-intgroup"	https://www.fryka.de/en	dofollow	text	Fryka	16	39	2021-07-17	1.590d
http://www.ata-intgroup.ir/ProductDetail.aspx?id=1198	"هود لامینار فلو | ATA-intgroup"	https://www.fryka.de/en	dofollow	text	Fryka	17	39	2021-07-17	1.590d
http://www.ata-intgroup.ir/ProductDetail.aspx?id=1197	"هود آزمایشگاهی کلاس A2 | ATA-intgroup"	https://www.fryka.de/en	dofollow	text	Fryka	17	39	2021-07-17	1.604d
http://www.ata-intgroup.ir/ProductDetail.aspx?id=1196	"یخچال و فریزر ترکیبی | ATA-intgroup"	https://www.fryka.de/en	dofollow	text	Fryka	17	39	2021-07-17	1.590d
http://www.ata-intgroup.ir/ProductDetail.aspx?id=1195	"یخچال بانک خون | ATA-intgroup"	https://www.fryka.de/en	dofollow	text	Fryka	17	39	2021-07-17	1.590d
http://www.ata-intgroup.ir/ProductDetail.aspx?id=1194	"یخچال دارویی | ATA-intgroup"	https://www.fryka.de/en	dofollow	text	Fryka	17	39	2021-07-17	1.590d
http://www.ata-intgroup.ir/ProductDetail.aspx?id=1193	"یخچال و فریزر ترکیبی | ATA-intgroup"	https://www.fryka.de/en	dofollow	text	Fryka	17	39	2021-07-17	1.590d
http://www.ata-intgroup.ir/ProductDetail.aspx?id=1192	"فریزر منفی 25 درجه سانتیگراد | ATA-intgroup"	https://www.fryka.de/en	dofollow	text	Fryka	17	39	2021-07-17	1.590d
http://www.ata-intgroup.ir/ProductDetail.aspx?id=1191	"فریزر منفی 40 درجه سانتیگراد | ATA-intgroup"	https://www.fryka.de/en	dofollow	text	Fryka	17	39	2021-07-17	1.597d
http://www.ata-intgroup.ir/ProductDetail.aspx?id=1190	"فریزر منفی 86 درجه سانتیگراد | ATA-intgroup"	https://www.fryka.de/en	dofollow	text	Fryka	17	39	2021-07-17	1.590d
http://www.ata-intgroup.ir/ProductDetail.aspx?id=119	"Dry Culture System | ATA-intgroup"	https://www.fryka.de/en	dofollow	text	Fryka	16	39	2021-07-17	1.590d
http://www.ata-intgroup.ir/ProductDetail.aspx?id=1189	"فریزر منفی 150 درجه سانتیگراد | ATA-intgroup"	https://www.fryka.de/en	dofollow	text	Fryka	17	39	2021-07-17	1.597d
http://www.ata-intgroup.ir/ProductDetail.aspx?id=1188	"پایه جا به جایی مخزن نیتروژن | ATA-intgroup"	https://www.fryka.de/en	dofollow	text	Fryka	16	39	2021-07-17	1.590d
http://www.ata-intgroup.ir/ProductDetail.aspx?id=1187	"باکس کیسه خون | ATA-intgroup"	https://www.fryka.de/en	dofollow	text	Fryka	16	39	2021-07-17	1.590d
http://www.ata-intgroup.ir/ProductDetail.aspx?id=1186	"رک نگهداری کیسه خون | ATA-intgroup"	https://www.fryka.de/en	dofollow	text	Fryka	16	39	2021-07-17	1.590d
http://www.ata-intgroup.ir/ProductDetail.aspx?id=1185	"کرایو کین | ATA-intgroup"	https://www.fryka.de/en	dofollow	text	Fryka	16	39	2021-07-17	1.590d
http://www.ata-intgroup.ir/ProductDetail.aspx?id=1184	"دستگاه سنجش میزان سطح نیتروژن مایع | ATA-intgroup"	https://www.fryka.de/en	dofollow	text	Fryka	16	39	2021-07-17	1.590d
http://www.ata-intgroup.ir/ProductDetail.aspx?id=1183	"کنیستر مخزن نیتروژن مایع | ATA-intgroup"	https://www.fryka.de/en	dofollow	text	Fryka	16	39	2021-07-17	1.611d
http://www.ata-intgroup.ir/ProductDetail.aspx?id=1182	"پمپ انتقال نیتروژن | ATA-intgroup"	https://www.fryka.de/en	dofollow	text	Fryka	16	39	2021-07-17	1.590d
http://www.ata-intgroup.ir/ProductDetail.aspx?id=1181	"مخزن نیتروژن فاز بخار | ATA-intgroup"	https://www.fryka.de/en	dofollow	text	Fryka	17	39	2021-07-17	1.590d
http://www.ata-intgroup.ir/ProductDetail.aspx?id=1180	"مخزن انتقال نیتروژن مایع | ATA-intgroup"	https://www.fryka.de/en	dofollow	text	Fryka	17	39	2021-07-17	1.590d
http://www.ata-intgroup.ir/ProductDetail.aspx?id=118	"Smart Station | ATA-intgroup"	https://www.fryka.de/en	dofollow	text	Fryka	16	39	2021-07-17	1.590d
http://www.ata-intgroup.ir/ProductDetail.aspx?id=1179	"مخزن نگهداری نیتروژن مایع | ATA-intgroup"	https://www.fryka.de/en	dofollow	text	Fryka	17	39	2021-07-17	1.590d
http://www.ata-intgroup.ir/ProductDetail.aspx?id=1177	"مخزن نیتروژن کنیستردار | ATA-intgroup"	https://www.fryka.de/en	dofollow	text	Fryka	17	39	2021-07-17	1.590d
http://www.ata-intgroup.ir/ProductDetail.aspx?id=1176	"مخزن نیتروژن رک و باکس دار | ATA-intgroup"	https://www.fryka.de/en	dofollow	text	Fryka	17	39	2021-07-17	1.590d
http://www.ata-intgroup.ir/ProductDetail.aspx?id=1175	"مخزن نیتروژن مخصوص بایوبانک | ATA-intgroup"	https://www.fryka.de/en	dofollow	text	Fryka	17	39	2021-07-17	1.590d
http://www.ata-intgroup.ir/ProductDetail.aspx?id=1174	"CM20 | ATA-intgroup"	https://www.fryka.de/en	dofollow	text	Fryka	17	39	2021-07-17	1.597d
http://www.ata-intgroup.ir/ProductDetail.aspx?id=1173	"OSMOMAT auto | ATA-intgroup"	https://www.fryka.de/en	dofollow	text	Fryka	17	39	2021-07-17	1.590d
http://www.ata-intgroup.ir/ProductDetail.aspx?id=1172	"OSMOMAT 050 | ATA-intgroup"	https://www.fryka.de/en	dofollow	text	Fryka	17	39	2021-07-17	1.590d
http://www.ata-intgroup.ir/ProductDetail.aspx?id=1171	"OSMOMAT 090 | ATA-intgroup"	https://www.fryka.de/en	dofollow	text	Fryka	17	39	2021-07-17	1.590d
http://www.ata-intgroup.ir/ProductDetail.aspx?id=1170	"OSMOMAT 070 | ATA-intgroup"	https://www.fryka.de/en	dofollow	text	Fryka	17	39	2021-07-17	1.590d
http://www.ata-intgroup.ir/ProductDetail.aspx?id=117	"IVF Culturing Dish | ATA-intgroup"	https://www.fryka.de/en	dofollow	text	Fryka	16	39	2021-07-17	1.590d
http://www.ata-intgroup.ir/ProductDetail.aspx?id=1169	"OSMOMAT 010 | ATA-intgroup"	https://www.fryka.de/en	dofollow	text	Fryka	17	39	2021-07-17	1.590d
http://www.ata-intgroup.ir/ProductDetail.aspx?id=1168	"OSMOMAT 3000 Basic | ATA-intgroup"	https://www.fryka.de/en	dofollow	text	Fryka	17	39	2021-07-17	1.590d
http://www.ata-intgroup.ir/ProductDetail.aspx?id=1167	"OSMOMAT 3000 | ATA-intgroup"	https://www.fryka.de/en	dofollow	text	Fryka	17	39	2021-07-17	1.590d
http://www.ata-intgroup.ir/ProductDetail.aspx?id=1165	"انکوباتور CO2 حجم پایین | ATA-intgroup"	https://www.fryka.de/en	dofollow	text	Fryka	17	39	2021-07-17	1.590d
http://www.ata-intgroup.ir/ProductDetail.aspx?id=1164	"انکوباتور CO2 | ATA-intgroup"	https://www.fryka.de/en	dofollow	text	Fryka	17	39	2021-07-17	1.590d
http://www.ata-intgroup.ir/ProductDetail.aspx?id=1163	"Dry Block Incubator | ATA-intgroup"	https://www.fryka.de/en	dofollow	text	Fryka	17	39	2021-07-17	1.590d
http://www.ata-intgroup.ir/ProductDetail.aspx?id=1162	"ترمال سایکلر | ATA-intgroup"	https://www.fryka.de/en	dofollow	text	Fryka	17	39	2021-07-17	1.590d
http://www.ata-intgroup.ir/ProductDetail.aspx?id=1161	"ترمال سایکلر | ATA-intgroup"	https://www.fryka.de/en	dofollow	text	Fryka	17	39	2021-07-17	1.597d
http://www.ata-intgroup.ir/ProductDetail.aspx?id=1160	"ترمال سایکلر گرادیانت | ATA-intgroup"	https://www.fryka.de/en	dofollow	text	Fryka	17	39	2021-07-17	1.590d
http://www.ata-intgroup.ir/ProductDetail.aspx?id=116	"Glass Bottom Dish | ATA-intgroup"	https://www.fryka.de/en	dofollow	text	Fryka	16	39	2021-07-17	1.590d
http://www.ata-intgroup.ir/ProductDetail.aspx?id=1159	"CUBE Incubator | ATA-intgroup"	https://www.fryka.de/en	dofollow	text	Fryka	17	39	2021-07-17	1.590d
http://www.ata-intgroup.ir/ProductDetail.aspx?id=1158	"گاز آنالایزر | ATA-intgroup"	https://www.fryka.de/en	dofollow	text	Fryka	17	39	2021-07-17	1.590d
http://www.ata-intgroup.ir/ProductDetail.aspx?id=1157	"Smart station | ATA-intgroup"	https://www.fryka.de/en	dofollow	text	Fryka	17	39	2021-07-17	1.590d
http://www.ata-intgroup.ir/ProductDetail.aspx?id=1156	"Embryo Observation system | ATA-intgroup"	https://www.fryka.de/en	dofollow	text	Fryka	17	39	2021-07-17	1.590d
http://www.ata-intgroup.ir/ProductDetail.aspx?id=1155	"CO2 انکوباتور | ATA-intgroup"	https://www.fryka.de/en	dofollow	text	Fryka	17	39	2021-07-17	1.597d
http://www.ata-intgroup.ir/ProductDetail.aspx?id=1154	"انکوباتور CO2 حجم پایین | ATA-intgroup"	https://www.fryka.de/en	dofollow	text	Fryka	17	39	2021-07-17	1.590d
http://www.ata-intgroup.ir/ProductDetail.aspx?id=1153	"Smart station | ATA-intgroup"	https://www.fryka.de/en	dofollow	text	Fryka	17	39	2021-07-17	1.590d
http://www.ata-intgroup.ir/ProductDetail.aspx?id=1151	"اسمومتر مدل OSMOMAT3000 basic | ATA-intgroup"	https://www.fryka.de/en	dofollow	text	Fryka	17	39	2021-07-17	1.590d
http://www.ata-intgroup.ir/ProductDetail.aspx?id=115	"GeneAtlas G/ GeneAtlas S | ATA-intgroup"	https://www.fryka.de/en	dofollow	text	Fryka	16	39	2021-07-17	1.590d
http://www.ata-intgroup.ir/ProductDetail.aspx?id=1147	"انکوباتور چند خانه رومیزی مدل EC9 | ATA-intgroup"	https://www.fryka.de/en	dofollow	text	Fryka	17	39	2021-07-17	1.590d
http://www.ata-intgroup.ir/ProductDetail.aspx?id=1146	"IVF Work Station | ATA-intgroup"	https://www.fryka.de/en	dofollow	text	Fryka	17	39	2021-07-17	1.590d
http://www.ata-intgroup.ir/ProductDetail.aspx?id=1145	"Time lapse system | ATA-intgroup"	https://www.fryka.de/en	dofollow	text	Fryka	17	39	2021-07-17	1.590d
http://www.ata-intgroup.ir/ProductDetail.aspx?id=1144	"انکوباتور چند خانه رومیزی مدل EC6S | ATA-intgroup"	https://www.fryka.de/en	dofollow	text	Fryka	17	39	2021-07-17	1.590d
http://www.ata-intgroup.ir/ProductDetail.aspx?id=114	"GeneAtlas 482/485 | ATA-intgroup"	https://www.fryka.de/en	dofollow	text	Fryka	16	39	2021-07-17	1.590d
http://www.ata-intgroup.ir/ProductDetail.aspx?id=1139	"Blockheaters | ATA-intgroup"	https://www.fryka.de/en	dofollow	text	Fryka	16	39	2021-07-17	1.590d
http://www.ata-intgroup.ir/ProductDetail.aspx?id=113	"GeneAtlas 322/325 | ATA-intgroup"	https://www.fryka.de/en	dofollow	text	Fryka	16	39	2021-07-17	1.590d
http://www.ata-intgroup.ir/ProductDetail.aspx?id=112	"Disposable tubes | ATA-intgroup"	https://www.fryka.de/en	dofollow	text	Fryka	16	39	2021-07-17	1.590d
http://www.ata-intgroup.ir/ProductDetail.aspx?id=111	"Hybritc Oven | ATA-intgroup"	https://www.fryka.de/en	dofollow	text	Fryka	16	39	2021-07-17	1.597d
http://www.ata-intgroup.ir/ProductDetail.aspx?id=110	"Bio Clean Bench | ATA-intgroup"	https://www.fryka.de/en	dofollow	text	Fryka	16	39	2021-07-17	1.590d
http://www.ata-intgroup.ir/ProductDetail.aspx?id=11	"HR30-IIA2 | ATA-intgroup"	https://www.fryka.de/en	dofollow	text	Fryka	16	39	2021-07-17	1.597d
http://www.ata-intgroup.ir/ProductDetail.aspx?id=109	"Integrated Bio Satatiom | ATA-intgroup"	https://www.fryka.de/en	dofollow	text	Fryka	16	39	2021-07-17	1.590d
http://www.ata-intgroup.ir/ProductDetail.aspx?id=108	"CPF System | ATA-intgroup"	https://www.fryka.de/en	dofollow	text	Fryka	16	39	2021-07-17	1.597d
http://www.ata-intgroup.ir/ProductDetail.aspx?id=107	"Contamination-Free Cell Culture System | ATA-intgroup"	https://www.fryka.de/en	dofollow	text	Fryka	16	39	2021-07-17	1.590d
http://www.ata-intgroup.ir/ProductDetail.aspx?id=106	"Real-Time Cultured Cell Monitoring System | ATA-intgroup"	https://www.fryka.de/en	dofollow	text	Fryka	16	39	2021-07-17	1.590d
http://www.ata-intgroup.ir/ProductDetail.aspx?id=105	"Real-Tim Cultured Cell Monitoring System | ATA-intgroup"	https://www.fryka.de/en	dofollow	text	Fryka	16	39	2021-07-17	1.590d
http://www.ata-intgroup.ir/ProductDetail.aspx?id=104	"Image Processing/ Browsing software: ASBRO | ATA-intgroup"	https://www.fryka.de/en	dofollow	text	Fryka	16	39	2021-07-17	1.590d
http://www.ata-intgroup.ir/ProductDetail.aspx?id=103	"Auto Gas Analyzer | ATA-intgroup"	https://www.fryka.de/en	dofollow	text	Fryka	16	39	2021-07-17	1.590d
http://www.ata-intgroup.ir/ProductDetail.aspx?id=102	"Gas Guard System | ATA-intgroup"	https://www.fryka.de/en	dofollow	text	Fryka	16	39	2021-07-17	1.590d
http://www.ata-intgroup.ir/ProductDetail.aspx?id=101	"Direct Heat type CO2 and Tri-Gas Incubator | ATA-intgroup"	https://www.fryka.de/en	dofollow	text	Fryka	16	39	2021-07-17	1.590d
http://www.ata-intgroup.ir/ProductDetail.aspx?id=100	"Water Jacket Type CO2 And Tri-Gas Incubator | ATA-intgroup"	https://www.fryka.de/en	dofollow	text	Fryka	16	39	2021-07-17	1.604d
http://www.ata-intgroup.ir/ProductDetail.aspx?id=10	"HR40-IIA2 | ATA-intgroup"	https://www.fryka.de/en	dofollow	text	Fryka	16	39	2021-07-17	1.590d
http://www.ata-intgroup.ir/NewsDetail.aspx?NewsID=3003	"نوزدهمین کنگره رویان 1397"	https://www.fryka.de/en	dofollow	text	Fryka	17	39	2021-07-17	1.590d
http://www.ata-intgroup.ir/NewsDetail.aspx?NewsID=2	"Royan Congress 2017"	https://www.fryka.de/en	dofollow	text	Fryka	17	39	2021-07-17	1.597d
http://www.ata-intgroup.ir/AboutUs.aspx	"About US | ATA-intgroup"	https://www.fryka.de/en	dofollow	text	Fryka	16	39	2021-07-17	1.590d
http://www.ata-intgroup.ir/	"Home | ATA-intgroup"	https://www.fryka.de/en	dofollow	text	Fryka	36	59	2021-07-17	1.590d
http://www.ata-intgroup.ir/	"Home | ATA-intgroup"	https://www.fryka.de/en	dofollow	image	Fryka	36	59	2021-07-17	1.499d
http://ata-intgroup.ir/Services.aspx?id=4	"In Vitro Fertilization | ATA-intgroup"	https://www.fryka.de/en	dofollow	text	Fryka	16	39	2021-07-17	1.590d
http://ata-intgroup.ir/Services.aspx?id=3	"Pathology & Histology | ATA-intgroup"	https://www.fryka.de/en	dofollow	text	Fryka	16	39	2021-07-17	1.590d
http://ata-intgroup.ir/Services.aspx?id=2	"Cord Blood & Stem Cell | ATA-intgroup"	https://www.fryka.de/en	dofollow	text	Fryka	16	40	2021-07-17	1.590d
http://ata-intgroup.ir/Services.aspx?id=1	"Biotechnology & Nanotechnology | ATA-intgroup"	https://www.fryka.de/en	dofollow	text	Fryka	16	39	2021-07-17	1.590d
http://ata-intgroup.ir/NewsDetail.aspx?NewsID=3006	"19th Congress on Reproductive Biomedicine & 14th Congress on Stem Cell Biology and Technology"	https://www.fryka.de/en	dofollow	text	Fryka	22	39	2021-07-17	1.590d
http://ata-intgroup.ir/NewsDetail.aspx?NewsID=3003	"نوزدهمین کنگره رویان 1397"	https://www.fryka.de/en	dofollow	text	Fryka	17	39	2021-07-17	1.590d
http://ata-intgroup.ir/News.aspx	"News | ATA-intgroup"	https://www.fryka.de/en	dofollow	text	Fryka	18	39	2021-07-17	1.590d
http://ata-intgroup.ir/ContactUs.aspx	"Contact US | ATA-intgroup"	https://www.fryka.de/en	dofollow	text	Fryka	16	39	2021-07-17	1.590d
http://ata-intgroup.ir/AboutUs.aspx	"About US | ATA-intgroup"	https://www.fryka.de/en	dofollow	text	Fryka	16	39	2021-07-17	1.590d
http://ata-intgroup.ir/	"Home | ATA-intgroup"	https://www.fryka.de/en	dofollow	text	Fryka	36	59	2021-07-17	1.590d
http://ata-intgroup.ir/	"Home | ATA-intgroup"	https://www.fryka.de/en	dofollow	image	Fryka	36	59	2021-07-17	1.499d
https://www.europages.de/unternehmen/Deutschland/Klimatisierungsger%C3%A4te.html	"Klimatisierungsgeräte Deutschland | Europages"	http://www.fryka.de/	dofollow	text	Website	115	115	2021-01-29	1.885d
http://www.blau-webkatalog.net/index-World/Deutsch/Gesundheit/Nachschlagewerke.html	"Nachschlagewerke / Gesundheit Nachschlagewerke - Blau Webkatalog"	http://www.fryka.de/	dofollow	image	"Fryka-Kältetechnik G .."	159	67	2018-08-21	2.826d
http://www.inter.rs/kategorije/World/Deutsch/Wissenschaft/Produkte_und_Dienstleistungen/Laborausr%C3%BCstung/	"Laborausrüstung - World, Deutsch, Wissenschaft, Produkte und Dienstleistungen"	http://www.fryka.de/	nofollow	text	"Fryka-Kältetechnik GmbH"	68	112	2017-12-17	2.989d
https://www.searchdisk.de/DE/Wissenschaft/Produkte-und-Dienstleistungen/Laborausruestung/2668.htm	"Start | Wissenschaft | Produkte und Dienstleistungen | Laborausrüstung"	http://www.fryka.de/	dofollow	text	http://www.fryka.de/	11	169	2017-12-16	3.006d
https://www.searchdisk.de/DE/Wissenschaft/Produkte-und-Dienstleistungen/Laborausruestung/2668.htm	"Start | Wissenschaft | Produkte und Dienstleistungen | Laborausrüstung"	http://www.fryka.de/	dofollow	text	"Fryka-Kältetechnik GmbH"	11	169	2017-12-16	3.006d
https://www.maneko.cz/firmy/	"Maneko.cz - Firmy"	http://www.fryka.de/en/	dofollow	text	Fryka	51	132	2017-12-16	2.276d
http://www.shopboom.de/DE/Wissenschaft/Produkte-und-Dienstleistungen/Laborausruestung/2668.htm	"Start | Wissenschaft | Produkte und Dienstleistungen | Laborausrüstung"	http://www.fryka.de/	dofollow	text	http://www.fryka.de/	10	169	2017-12-16	3.065d
http://www.shopboom.de/DE/Wissenschaft/Produkte-und-Dienstleistungen/Laborausruestung/2668.htm	"Start | Wissenschaft | Produkte und Dienstleistungen | Laborausrüstung"	http://www.fryka.de/	dofollow	text	"Fryka-Kältetechnik GmbH"	10	169	2017-12-16	3.065d
http://labormed.hr/ponuda.html	"LABORMED Zagreb ::: Medicinska i laboratorijska oprema :::"	http://www.fryka.de/	dofollow	text	FRYKA	11	148	2017-12-16	2.989d
http://labormed.hr/ponuda.html	"LABORMED Zagreb ::: Medicinska i laboratorijska oprema :::"	http://www.fryka.de/	dofollow	image	FRYKA	11	148	2017-12-16	2.989d
http://labormed.com/ponuda.html	"LABORMED Zagreb ::: Medicinska i laboratorijska oprema :::"	http://www.fryka.de/	dofollow	text	FRYKA	11	148	2017-12-16	2.988d
http://labormed.com/ponuda.html	"LABORMED Zagreb ::: Medicinska i laboratorijska oprema :::"	http://www.fryka.de/	dofollow	image	FRYKA	11	148	2017-12-16	2.988d
http://dmoztools.net/World/Deutsch/Wissenschaft/Produkte_und_Dienstleistungen/Laborausr%C3%BCstung/	"DMOZ - World: Deutsch: Wissenschaft: Produkte und Dienstleistungen: Laborausrüstung"	http://www.fryka.de/	dofollow	text	"Fryka-Kältetechnik GmbH"	126	104	2017-12-16	2.987d
http://allsites.com/Top.World.Deutsch.Wissenschaft.Produkte_und_Dienstleistungen.Laborausr%C3%BCstung.html	"Allsites.com - Search Engines : World : Deutsch : Wissenschaft : Produkte und Dienstleistungen : Laborausrüstung"	http://www.fryka.de/	nofollow	text	"Fryka-Kältetechnik GmbH"	8	93	2017-12-16	2.987d
http://www.bigfinder.de/?c=ws&q=k%E4ltetechnik&v=1	kältetechnik	http://www.fryka.de/	dofollow	text	www.fryka.de	12	23	2017-11-27	2.540d
http://news.cad.de/?option=com_content&task=view&id=919&Itemid=242	"CAD.de News - Topsworks: CAD/CAM Prozesskette erhöht Qualität am Werkstück"	http://www.fryka.de/	dofollow	text	www.fryka.de	24	7	2017-09-11	3.170d
http://webs-biggest.com/so2.cfm?cat=/World/Deutsch/Wissenschaft/Produkte_und_Dienstleistungen/Laborausr%C3%BCstung/	"DMOZ - World: Deutsch: Wissenschaft: Produkte und Dienstleistungen: Laborausrüstung"	http://www.fryka.de/	dofollow	text	"Fryka-Kältetechnik GmbH"	140	108	2017-09-02	2.989d
http://www.agema-lab.pl/oferta/	"Oferta | AGEMA s.c."	http://www.fryka.de/en/	dofollow	text	"Fryka(termostaty cyrkulacyjne, zamrażarki niskotemperaturowe )"	102	12	2017-06-23	3.250d
http://heidi-buck.de/61.html?L=pjbxaquhatyymi&tx_ttnews%5Btt_news%5D=117&cHash=dcfd92f48107d22c2c36d1d7e69c1720	"heidi.buck: ""ES Charity"": 220 Besucher feiern WM-Viertelfinale im Theodor-Rothschild-Haus"	http://www.fryka.de/	dofollow	text	"Fryka Kältetechnik GmbH"	20	10	2017-04-24	3.310d
http://heidi-buck.de/61.html?L=pjbxaquhatyymi&tx_ttnews%5Btt_news%5D=114&cHash=bf3a1d04438bd4236c5c87b2c85281c5	"heidi.buck: ""ES Charity"": Ein Volltreffer für das Theodor-Rothschild-Haus"	http://www.fryka.de/	dofollow	text	"Fryka Kältetechnik GmbH"	20	11	2017-04-24	3.310d
http://heidi-buck.de/61.html?L=xvfuwpmskc%22&tx_ttnews%5Btt_news%5D=117&cHash=ed65f5049764c01679954072bfa6172a	"heidi.buck: ""ES Charity"": 220 Besucher feiern WM-Viertelfinale im Theodor-Rothschild-Haus"	http://www.fryka.de/	dofollow	text	"Fryka Kältetechnik GmbH"	20	10	2017-04-03	3.331d
http://heidi-buck.de/61.html?L=xvfuwpmskc%22&tx_ttnews%5Btt_news%5D=114&cHash=63eaf55f210fccd419ce3efe89fb880d	"heidi.buck: ""ES Charity"": Ein Volltreffer für das Theodor-Rothschild-Haus"	http://www.fryka.de/	dofollow	text	"Fryka Kältetechnik GmbH"	20	11	2017-04-03	3.331d
http://iranindustryexpo.com/items/184587.html?view=items&f=m	"شرکت FRYKA-KÃ¤ltetechnik GmbH - ترموستات خنک کننده"	http://www.fryka.de/en/standard-equipment/cooling-baths/	dofollow	text	"جهت مشاهده توضیحات فنی این محصول، کلیک نمایید."	225	6	2017-01-27	3.397d
http://iranindustryexpo.com/items/172276.html?view=items&f=m	"شرکت FRYKA-KÃ¤ltetechnik GmbH - فریزر آزمایشگاهی | دمای فوق العاده پایین | صندوق"	http://www.fryka.de/en/standard-equipment/upright-freezers/	dofollow	text	"جهت مشاهده توضیحات فنی این محصول، کلیک نمایید."	226	6	2017-01-22	3.402d
http://iranindustryexpo.com/items/172275.html?view=items&f=m	"شرکت FRYKA-KÃ¤ltetechnik GmbH - فریزر آزمایشگاهی | دمای فوق العاده پایین | عمودی"	http://www.fryka.de/en/standard-equipment/upright-freezers/	dofollow	text	"جهت مشاهده توضیحات فنی این محصول، کلیک نمایید."	229	6	2017-01-22	3.402d
http://iranindustryexpo.com/items/172274.html?view=items&f=m	"شرکت FRYKA-KÃ¤ltetechnik GmbH - فریزر آزمایشگاهی | دمای فوق العاده پایین | رومیزی"	http://www.fryka.de/en/standard-equipment/cold-boxes/	dofollow	text	"جهت مشاهده توضیحات فنی این محصول، کلیک نمایید."	229	6	2017-01-22	3.402d
http://iranindustryexpo.com/items/172273.html?view=items&f=m	"شرکت FRYKA-KÃ¤ltetechnik GmbH - فریزر آزمایشگاهی | دمای فوق العاده پایین | صندوق"	http://www.fryka.de/en/standard-equipment/upright-freezers/	dofollow	text	"جهت مشاهده توضیحات فنی این محصول، کلیک نمایید."	226	6	2017-01-22	3.402d
http://iranindustryexpo.com/items/172272.html?view=items&f=m	"شرکت FRYKA-KÃ¤ltetechnik GmbH - فریزر آزمایشگاهی | دمای فوق العاده پایین | رومیزی"	http://www.fryka.de/en/standard-equipment/cold-boxes/	dofollow	text	"جهت مشاهده توضیحات فنی این محصول، کلیک نمایید."	230	6	2017-01-22	3.402d
http://iranindustryexpo.com/items/171486.html?view=items&f=m	"شرکت FRYKA-KÃ¤ltetechnik GmbH - حمام آب"	http://www.fryka.de/en/standard-equipment/cooling-baths/	dofollow	text	"جهت مشاهده توضیحات فنی این محصول، کلیک نمایید."	225	6	2017-01-22	3.402d
http://stadtbranche.de/d-97860-oem	"FRYKA Kältetechnik Esslingen Ultratiefkühlgeräte  oem Esslingen am Neckar"	http://www.fryka.de/	nofollow	text	fryka.de	122	7	2017-01-19	3.405d
http://stadtbranche.de/d-97860-oem	"FRYKA Kältetechnik Esslingen Ultratiefkühlgeräte  oem Esslingen am Neckar"	http://www.fryka.de/	nofollow	text	fryka.de	122	7	2017-01-19	3.405d
http://iranindustryexpo.com/items/101605.html?view=items&f=m	"شرکت FRYKA-KÃ¤ltetechnik GmbH - خنک کننده غوطه ور | برای حمام های کالیرباسیون"	http://www.fryka.de/en/standard-equipment/immersion-cooler/	dofollow	text	"جهت مشاهده توضیحات فنی این محصول، کلیک نمایید."	225	6	2017-01-12	3.412d
http://iranindustryexpo.com/items/101249.html?view=items&f=m	"شرکت FRYKA-KÃ¤ltetechnik GmbH - چیلر گردشی | کامپکت"	http://www.fryka.de/en/standard-equipment/circulating-coolers/	dofollow	text	"جهت مشاهده توضیحات فنی این محصول، کلیک نمایید."	225	6	2017-01-12	3.412d
http://iranindustryexpo.com/items/101248.html?view=items&f=m	"شرکت FRYKA-KÃ¤ltetechnik GmbH - چیلر کامپکت"	http://www.fryka.de/en/standard-equipment/circulating-coolers/	dofollow	text	"جهت مشاهده توضیحات فنی این محصول، کلیک نمایید."	226	6	2017-01-12	3.412d
http://iranindustryexpo.com/items/101247.html?view=items&f=m	"شرکت FRYKA-KÃ¤ltetechnik GmbH - چیلر گردشی | کامپکت"	http://www.fryka.de/en/standard-equipment/circulating-coolers/	dofollow	text	"جهت مشاهده توضیحات فنی این محصول، کلیک نمایید."	226	6	2017-01-12	3.412d
http://iranindustryexpo.com/items/101246.html?view=items&f=m	"شرکت FRYKA-KÃ¤ltetechnik GmbH - چیلر گردشی"	http://www.fryka.de/	dofollow	text	"جهت مشاهده توضیحات فنی این محصول، کلیک نمایید."	225	6	2017-01-12	3.412d
http://iranindustryexpo.com/items/101245.html?view=items&f=m	"شرکت FRYKA-KÃ¤ltetechnik GmbH - چیلر گردشی | کامپکت"	http://www.fryka.de/en/standard-equipment/circulating-coolers/	dofollow	text	"جهت مشاهده توضیحات فنی این محصول، کلیک نمایید."	229	6	2017-01-12	3.412d
http://heidi-buck.de/61.html?L=ulggxfulqoprl&tx_ttnews%5Btt_news%5D=117&cHash=2b946b079267884ba3a68d6d58a7553a	"heidi.buck: ""ES Charity"": 220 Besucher feiern WM-Viertelfinale im Theodor-Rothschild-Haus"	http://www.fryka.de/	dofollow	text	"Fryka Kältetechnik GmbH"	20	10	2017-01-09	3.415d
http://heidi-buck.de/61.html?L=ulggxfulqoprl&tx_ttnews%5Btt_news%5D=114&cHash=5c6ace4486777fa1368295f4128ff0ea	"heidi.buck: ""ES Charity"": Ein Volltreffer für das Theodor-Rothschild-Haus"	http://www.fryka.de/	dofollow	text	"Fryka Kältetechnik GmbH"	20	11	2017-01-09	3.415d
http://sadid-afzar.com/items/9671.html?view=items	"آنالایزر کربن آلی کل NDIR آزمایشگاهی"	http://www.fryka.de/de/	dofollow	image	n/a	61	45	2016-12-12	3.443d
http://sadid-afzar.com/items/9597.html?view=items	"اسپکترومتر گاما پرتابل"	http://www.fryka.de/de/	dofollow	image	n/a	61	45	2016-12-12	3.443d
http://sadid-afzar.com/items/8599.html?view=items	"سروموتور الکتریکی بدون جاروبک DC با اینرسی کم"	http://www.fryka.de/de/	dofollow	image	n/a	61	45	2016-12-12	3.443d
http://news.cad.de/?option=com_content&task=view&id=919&Itemid=271	"CAD.de News - Topsworks: CAD/CAM Prozesskette erhöht Qualität am Werkstück"	http://www.fryka.de/	dofollow	text	www.fryka.de	25	7	2016-12-04	3.451d
http://news.cad.de/?option=com_content&task=view&id=919&Itemid=261	"CAD.de News - Topsworks: CAD/CAM Prozesskette erhöht Qualität am Werkstück"	http://www.fryka.de/	dofollow	text	www.fryka.de	25	7	2016-10-30	3.486d
http://news.cad.de/?option=com_content&task=categoryÃÂÃÂÃÂÃÂÃÂÃÂÃÂÃÂÃÂÃÂÃÂÃÂÃÂÃÂÃÂÃÂÃÂÃÂÃÂÃÂÃÂÃÂÃÂÃÂÃÂÃÂÃÂÃÂÃÂÃÂÃÂÃÂÃÂÃÂÃÂÃÂÃÂÃÂÃÂÃÂÃÂÃÂÃÂÃÂÃÂÃÂÃÂÃÂÃÂÃÂÃÂÃÂÃÂÃÂÃÂÃÂÃÂÃÂÃÂÃÂÃÂÃÂÃÂÃÂÃÂÃÂÃÂÃÂÃÂÃÂÃÂÃÂÃÂÃÂÃÂÃÂÃÂÃÂÃÂÃÂÃÂÃÂÃÂÃÂÃÂÃÂÃÂÃÂÃÂÃÂÃÂÃÂÃÂÃÂÃÂÃÂÃÂÃÂÃÂÃÂÃÂÃÂÃÂÃÂÃÂÃÂÃÂÃÂÃÂÃÂÃÂÃÂÃÂÃÂÃÂÃÂÃÂÃÂÃÂÃÂÃÂÃÂÃÂÃÂÃÂÃÂÃÂÃÂ¯ÃÂÃÂÃÂÃÂÃÂÃÂÃÂÃÂÃÂÃÂÃÂÃÂÃÂÃÂÃÂÃÂÃÂÃÂÃÂÃÂÃÂÃÂÃÂÃÂÃÂÃÂÃÂÃÂÃÂÃÂÃÂÃÂÃÂÃÂÃÂÃÂÃÂÃÂÃÂÃÂÃÂÃÂÃÂÃÂÃÂÃÂÃÂÃÂÃÂÃÂÃÂÃÂÃÂÃÂÃÂÃÂÃÂÃÂÃÂÃÂÃÂÃÂÃÂÃÂÃÂÃÂÃÂÃÂÃÂÃÂÃÂÃÂÃÂÃÂÃÂÃÂÃÂÃÂÃÂÃÂÃÂÃÂÃÂÃÂÃÂÃÂÃÂÃÂÃÂÃÂÃÂÃÂÃÂÃÂÃÂÃÂÃÂÃÂÃÂÃÂÃÂÃÂÃÂÃÂÃÂÃÂÃÂÃÂÃÂÃÂÃÂÃÂÃÂÃÂÃÂÃÂÃÂÃÂÃÂÃÂÃÂÃÂÃÂÃÂÃÂÃÂÃÂÃÂ¿ÃÂÃÂÃÂÃÂÃÂÃÂÃÂÃÂÃÂÃÂÃÂÃÂÃÂÃÂÃÂÃÂÃÂÃÂÃÂÃÂÃÂÃÂÃÂÃÂÃÂÃÂÃÂÃÂÃÂÃÂÃÂÃÂÃÂÃÂÃÂÃÂÃÂÃÂÃÂÃÂÃÂÃÂÃÂÃÂÃÂÃÂÃÂÃÂÃÂÃÂÃÂÃÂÃÂÃÂÃÂÃÂÃÂÃÂÃÂÃÂÃÂÃÂÃÂÃÂÃÂÃÂÃÂÃÂÃÂÃÂÃÂÃÂÃÂÃÂÃÂÃÂÃÂÃÂÃÂÃÂÃÂÃÂÃÂÃÂÃÂÃÂÃÂÃÂÃÂÃÂÃÂÃÂÃÂÃÂÃÂÃÂÃÂÃÂÃÂÃÂÃÂÃÂÃÂÃÂÃÂÃÂÃÂÃÂÃÂÃÂÃÂÃÂÃÂÃÂÃÂÃÂÃÂÃÂÃÂÃÂÃÂÃÂÃÂÃÂÃÂÃÂÃÂÃÂ½ionid=28&id=114&Itemid=170&limit=9&limitstart=45	"CAD.de News"	http://www.fryka.de/	dofollow	text	www.fryka.de	40	13	2016-10-24	3.492d
http://news.cad.de/?option=com_content&task=categoryÃÂÃÂÃÂÃÂÃÂÃÂÃÂÃÂÃÂÃÂÃÂÃÂÃÂÃÂÃÂÃÂÃÂÃÂÃÂÃÂÃÂÃÂÃÂÃÂÃÂÃÂÃÂÃÂÃÂÃÂÃÂÃÂÃÂÃÂÃÂÃÂÃÂÃÂÃÂÃÂÃÂÃÂÃÂÃÂÃÂÃÂÃÂÃÂÃÂÃÂÃÂÃÂÃÂÃÂÃÂÃÂÃÂÃÂÃÂÃÂÃÂÃÂÃÂÃÂ¯ÃÂÃÂÃÂÃÂÃÂÃÂÃÂÃÂÃÂÃÂÃÂÃÂÃÂÃÂÃÂÃÂÃÂÃÂÃÂÃÂÃÂÃÂÃÂÃÂÃÂÃÂÃÂÃÂÃÂÃÂÃÂÃÂÃÂÃÂÃÂÃÂÃÂÃÂÃÂÃÂÃÂÃÂÃÂÃÂÃÂÃÂÃÂÃÂÃÂÃÂÃÂÃÂÃÂÃÂÃÂÃÂÃÂÃÂÃÂÃÂÃÂÃÂÃÂÃÂ¿ÃÂÃÂÃÂÃÂÃÂÃÂÃÂÃÂÃÂÃÂÃÂÃÂÃÂÃÂÃÂÃÂÃÂÃÂÃÂÃÂÃÂÃÂÃÂÃÂÃÂÃÂÃÂÃÂÃÂÃÂÃÂÃÂÃÂÃÂÃÂÃÂÃÂÃÂÃÂÃÂÃÂÃÂÃÂÃÂÃÂÃÂÃÂÃÂÃÂÃÂÃÂÃÂÃÂÃÂÃÂÃÂÃÂÃÂÃÂÃÂÃÂÃÂÃÂÃÂ½ionid=28&id=114&Itemid=170&limit=9&limitstart=45	"CAD.de News"	http://www.fryka.de/	dofollow	text	www.fryka.de	40	13	2016-10-17	3.499d
http://www.meisterkuehler.de/forum/alternative-kuehlung/54-billige-40c-kuehlung-eigenbau-3.html	"Billige -40C Kühlung im Eigenbau -Seite 3 - Meisterkuehler"	http://www.fryka.de/de/durchlaufkuehler.html	nofollow	text	durchlaufkühler	330	18	2016-10-09	3.422d
http://news.cad.de/?option=com_content&task=categoryÃÂÃÂÃÂÃÂÃÂÃÂÃÂÃÂÃÂÃÂÃÂÃÂÃÂÃÂÃÂÃÂÃÂÃÂÃÂÃÂÃÂÃÂÃÂÃÂÃÂÃÂÃÂÃÂÃÂÃÂÃÂÃÂ¯ÃÂÃÂÃÂÃÂÃÂÃÂÃÂÃÂÃÂÃÂÃÂÃÂÃÂÃÂÃÂÃÂÃÂÃÂÃÂÃÂÃÂÃÂÃÂÃÂÃÂÃÂÃÂÃÂÃÂÃÂÃÂÃÂ¿ÃÂÃÂÃÂÃÂÃÂÃÂÃÂÃÂÃÂÃÂÃÂÃÂÃÂÃÂÃÂÃÂÃÂÃÂÃÂÃÂÃÂÃÂÃÂÃÂÃÂÃÂÃÂÃÂÃÂÃÂÃÂÃÂ½ionid=28&id=114&Itemid=170&limit=9&limitstart=45	"CAD.de News"	http://www.fryka.de/	dofollow	text	www.fryka.de	40	13	2016-10-09	3.507d
http://heidi-buck.de/61.html?L=chxlbwjqcvw&tx_ttnews%5Btt_news%5D=117&cHash=abddb81331fbaecd17d922512bdb5549	"heidi.buck: ""ES Charity"": 220 Besucher feiern WM-Viertelfinale im Theodor-Rothschild-Haus"	http://www.fryka.de/	dofollow	text	"Fryka Kältetechnik GmbH"	20	10	2016-10-09	3.507d
http://heidi-buck.de/61.html?L=chxlbwjqcvw&tx_ttnews%5Btt_news%5D=114&cHash=cb620650b5c9749977fe9c34ccf8e932	"heidi.buck: ""ES Charity"": Ein Volltreffer für das Theodor-Rothschild-Haus"	http://www.fryka.de/	dofollow	text	"Fryka Kältetechnik GmbH"	20	11	2016-10-09	3.507d
http://news.cad.de/?option=com_content&task=categoryÃÂÃÂÃÂÃÂÃÂÃÂÃÂÃÂÃÂÃÂÃÂÃÂÃÂÃÂÃÂÃÂ¯ÃÂÃÂÃÂÃÂÃÂÃÂÃÂÃÂÃÂÃÂÃÂÃÂÃÂÃÂÃÂÃÂ¿ÃÂÃÂÃÂÃÂÃÂÃÂÃÂÃÂÃÂÃÂÃÂÃÂÃÂÃÂÃÂÃÂ½ionid=28&id=114&Itemid=170&limit=9&limitstart=45	"CAD.de News"	http://www.fryka.de/	dofollow	text	www.fryka.de	40	13	2016-10-03	3.513d
http://10times.com/labvolution/exhibitors	"Exhibitors, List of Companies at Labvolution, Hanover, Germany"	http://www.fryka.de/	nofollow	text	n/a	40	50	2016-10-03	3.513d
http://analytica-media.de/prj_277/view/?nv=1.1.1&LNG=1&elb=277.1100.1940.1.1111	"analytica Ausstellerdatenbank"	http://www.fryka.de/	dofollow	text	www.fryka.de	42	7	2016-09-22	3.524d
http://www.heidi-buck.de/61.html?L=naofksalmp&tx_ttnews%5Btt_news%5D=117&cHash=67043bb1481f0dd005a96d883d920f83	"heidi.buck: ""ES Charity"": 220 Besucher feiern WM-Viertelfinale im Theodor-Rothschild-Haus"	http://www.fryka.de/	dofollow	text	"Fryka Kältetechnik GmbH"	21	9	2016-09-19	3.527d
http://www.heidi-buck.de/61.html?L=naofksalmp&tx_ttnews%5Btt_news%5D=114&cHash=1c34aeebcb464b3662d75d72f4abd546	"heidi.buck: ""ES Charity"": Ein Volltreffer für das Theodor-Rothschild-Haus"	http://www.fryka.de/	dofollow	text	"Fryka Kältetechnik GmbH"	21	10	2016-09-19	3.527d
http://analytica-media.de/prj_277/view/?nv=1.1.1&LNG=2&elb=277.1100.1940.1.1111	"analytica Exhibitor Database"	http://www.fryka.de/	dofollow	text	www.fryka.de	42	7	2016-09-16	3.530d
http://news.cad.de/?option=com_content&task=view&id=919&Itemid=295	"CAD.de News - Topsworks: CAD/CAM Prozesskette erhöht Qualität am Werkstück"	http://www.fryka.de/	dofollow	text	www.fryka.de	24	7	2016-09-11	3.535d
http://heidi-buck.de/61.html?L=naofksalmp&tx_ttnews%5Btt_news%5D=114&cHash=1c34aeebcb464b3662d75d72f4abd546	"heidi.buck: ""ES Charity"": Ein Volltreffer für das Theodor-Rothschild-Haus"	http://www.fryka.de/	dofollow	text	"Fryka Kältetechnik GmbH"	20	11	2016-09-11	3.535d
http://heidi-buck.de/61.html?L=naofksalmp&tx_ttnews%5Btt_news%5D=117&cHash=67043bb1481f0dd005a96d883d920f83	"heidi.buck: ""ES Charity"": 220 Besucher feiern WM-Viertelfinale im Theodor-Rothschild-Haus"	http://www.fryka.de/	dofollow	text	"Fryka Kältetechnik GmbH"	20	10	2016-09-04	3.542d
http://onlinestreet.de/296805-fryka-kaeltetechnik-gmbh	"Fryka-Kältetechnik GmbH: Laborausrüstung, Produkte und Dienstleistungen fryka.de"	http://www.fryka.de/	dofollow	text	www.fryka.de/	80	6	2016-08-30	3.547d
http://news.cad.de/?option=com_content&task=view&id=919&Itemid=292	"CAD.de News - Topsworks: CAD/CAM Prozesskette erhöht Qualität am Werkstück"	http://www.fryka.de/	dofollow	text	www.fryka.de	25	7	2016-08-21	3.556d
http://news.cad.de/?option=com_content&task=view&id=919&Itemid=170	"CAD.de News - Topsworks: CAD/CAM Prozesskette erhöht Qualität am Werkstück"	http://www.fryka.de/	dofollow	text	www.fryka.de	25	7	2016-08-21	3.556d
http://news.cad.de/?option=com_content&task=categoryï¿½ionid=28&id=114&Itemid=170&limit=9&limitstart=36	"CAD.de News"	http://www.fryka.de/	dofollow	text	www.fryka.de	40	12	2016-08-21	3.556d
http://firmenindeutschland.com/esslingen-am-neckar/page-15	"Esslingen am Neckar Firmenverzeichnis: Nach Kontakten und Telefonnummern suchen"	http://www.fryka.de/	nofollow	text	www.fryka.de	56	15	2016-08-21	3.556d
http://th.57883.net/alexa/th/?domain=fryka.de	"★การจัดอันดับเว็บไซต์ Alexa ★ fryka.de การจัดอันดับตัวแปรทั่วโลก★ การจัดอันดับเว็บไซต์ ★ fryka.deการจัดอันดับตัวแปรทั่วโลก"	http://www.fryka.de/	dofollow	text	fryka.de	45	9	2016-05-30	3.639d
http://www.suchenundfinden24.de/web/industrie/kaeltetechnik.html	"Kaeltetechnik « Industrie « suchenundfinden24.de - Branchenportal - Suchmaschine - Onlineshop - Verzeichnis - Webkatalog"	http://www.fryka.de/de/	dofollow	text	"FRYKA-Kältetechnik Esslingen: Ultratiefkühlgeräte ..."	31	10	2016-04-26	3.568d
http://cz.57883.net/alexa/cz/?domain=fryka.de	"★ Alexa internetových stránkách hodnocení ★fryka.de globální proměnná žebříček ★ internetových stránkách hodnocení ★ fryka.de globální proměnná žebříček"	http://www.fryka.de/	dofollow	text	fryka.de	46	10	2016-04-12	3.582d
http://www.industrystock.it/html/Radiatori/product-result-it-4754-0.html	"Radiatori - 458 Fabbricanti, Commercianti e Fornitori"	http://www.fryka.de/	dofollow	image	"Fryka-Kältetechnik GmbH"	71	124	2016-04-10	3.667d
http://www.industrystock.it/html/Radiatori/product-result-it-117733-0.html	"Radiatori - 458 Fabbricanti, Commercianti e Fornitori"	http://www.fryka.de/	dofollow	image	"Fryka-Kältetechnik GmbH"	71	124	2016-04-09	3.668d
http://news.cad.de/?option=com_content&task=category�ionid=28&id=114&Itemid=170&limit=9&limitstart=18	"CAD.de News"	http://www.fryka.de/	dofollow	text	www.fryka.de	39	14	2016-04-03	3.668d
http://www.spider-pro.de/web/industrie/kaeltetechnik.html	"Kaeltetechnik « Industrie « SPIDER PRO"	http://www.fryka.de/de/	dofollow	text	"FRYKA-Kältetechnik Esslingen: Ultratiefkühlgeräte ..."	1	34	2016-03-31	3.573d
http://www.azillo.de/Katalog/Wissenschaft/Produkte_und_Dienstleistungen/Laborausr%FCstung	"Laborausrüstung bei Azillo.de ... dazu kostenlose eMail Adressen und Datenbackup"	http://www.fryka.de/	dofollow	text	"Fryka-Kältetechnik GmbH"	25	101	2016-03-28	3.682d
http://azillo.de/Katalog/Wissenschaft/Produkte_und_Dienstleistungen/Laborausr%FCstung	"Laborausrüstung bei Azillo.de ... dazu kostenlose eMail Adressen und Datenbackup"	http://www.fryka.de/	dofollow	text	"Fryka-Kältetechnik GmbH"	24	102	2016-03-28	3.682d
http://www.industrystock.es/html/Refrigeradores/product-result-es-57118-0.html	"Refrigeradores - 155 Fabricantes, Comerciantes y Proveedores"	http://www.fryka.de/	dofollow	image	"Fryka-Kältetechnik GmbH"	71	125	2016-03-23	3.672d
http://www.industrystock.it/html/Congelatori/product-result-it-76455-0.html	"Congelatori (Dispositivo di raffreddamento rapido) - 401 Fabbricanti, Commercianti e Fornitori"	http://www.fryka.de/	dofollow	image	"Fryka-Kältetechnik GmbH"	71	126	2016-03-21	3.679d
http://za.57883.net/alexa/za/?domain=fryka.de	"★ -- ★ fryka.de global variable ranking"	http://www.fryka.de/	dofollow	text	fryka.de	47	9	2016-03-19	3.709d
http://www.industrystock.pl/html/Lodówki/product-result-pl-23691-0.html	"Lodówki - 316 Producenci, Dystrybutorzy i Dostawcy"	http://www.fryka.de/	dofollow	image	"Fryka-Kältetechnik GmbH"	71	124	2016-03-18	3.668d
http://www.industrystock.it/html/Refrigeratore/product-result-it-28483-0.html	"Refrigeratore - 14 Fabbricanti, Commercianti e Fornitori"	http://www.fryka.de/	dofollow	image	"Fryka-Kältetechnik GmbH"	55	88	2016-03-18	3.669d
http://www.industrystock.it/html/Radiatori/product-result-it-23640-0.html	"Radiatori - 458 Fabbricanti, Commercianti e Fornitori"	http://www.fryka.de/	dofollow	image	"Fryka-Kältetechnik GmbH"	70	125	2016-03-13	3.668d
http://www.industrystock.pl/html/Chłodnice/product-result-pl-23640-0.html	"Chłodnice - 146 Producenci, Dystrybutorzy i Dostawcy"	http://www.fryka.de/	dofollow	image	"Fryka-Kältetechnik GmbH"	70	134	2016-03-12	3.667d
http://www.industrystock.it/html/Frigorifero/product-result-it-23621-0.html	"Frigorifero (Gruppi di climatizzazione, Gruppi refrigeranti) - 143 Fabbricanti, Commercianti e Fornitori"	http://www.fryka.de/	dofollow	image	"Fryka-Kältetechnik GmbH"	85	143	2016-03-12	3.096d
http://www.industrystock.it/html/Congelatori/product-result-it-126101-0.html	"Congelatori - 405 Fabbricanti, Commercianti e Fornitori"	http://www.fryka.de/	dofollow	image	"Fryka-Kältetechnik GmbH"	71	126	2016-03-12	3.665d
http://www.industrystock.it/html/Congelatori/product-result-it-27408-0.html	"Congelatori - 405 Fabbricanti, Commercianti e Fornitori"	http://www.fryka.de/	dofollow	image	"Fryka-Kältetechnik GmbH"	71	126	2016-03-11	3.671d
http://www.industrystock.fr/html/Cryoplongeurs/product-result-fr-174463-0.html	"Cryoplongeurs (Cryoplongeur) - 13 Producteurs, Vendeurs et Fournisseurs"	http://www.fryka.de/	dofollow	image	"Fryka-Kältetechnik GmbH"	54	90	2016-03-11	3.683d
http://www.industrystock.it/html/Congelatori/product-result-it-113948-0.html	"Congelatori - 401 Fabbricanti, Commercianti e Fornitori"	http://www.fryka.de/	dofollow	image	"Fryka-Kältetechnik GmbH"	71	123	2016-03-09	3.672d
http://www.industrystock.it/html/Congelatori/product-result-it-27404-0.html	"Congelatori - 405 Fabbricanti, Commercianti e Fornitori"	http://www.fryka.de/	dofollow	image	"Fryka-Kältetechnik GmbH"	71	126	2016-03-08	3.665d
http://www.thieme-labortechnik.de/lieferanten.php	"Labortechnik Thieme - Lieferanten"	http://www.fryka.de/	dofollow	image	"Fryka Logo"	13	55	2016-02-07	3.668d
http://thieme-labortechnik.de/lieferanten.php	"Labortechnik Thieme - Lieferanten"	http://www.fryka.de/	dofollow	image	"Fryka Logo"	13	55	2016-02-07	3.675d
http://www.directindustry.de/prod/fryka-kaltetechnik-gmbh-115513.html	"FRYKA-Kältetechnik GmbH: Metrologie - Labor - DirectIndustry"	http://www.fryka.de/	dofollow	image	"FRYKA-Kältetechnik GmbH logo"	39	17	2016-02-06	3.699d
http://www.cylex-branchenbuch-esslingen.de/firma-home/fryka-kaeltetechnik-gmbh-690.html	"Fryka-Kältetechnik GmbH Ohmstr. 4 73730 ESSLINGEN AM NECKAR"	http://www.fryka.de/	nofollow	text	http://www.fryka.de/	4	4	2016-02-04	3.671d
http://news.cad.de/?option=com_content&task=category�ionid=28&id=114&Itemid=170&limit=9&limitstart=9	"CAD.de News"	http://www.fryka.de/	dofollow	text	www.fryka.de	39	13	2016-01-31	3.738d
http://www.suchenundfinden24.de/web/industrie/kaeltetechnik.html	"Kaeltetechnik � Industrie � suchenundfinden24.de - Branchenportal - Suchmaschine - Onlineshop - Verzeichnis - Webkatalog"	http://www.fryka.de/	dofollow	text	"FRYKA-K�ltetechnik Esslingen: Ultratiefk�hlger�te ..."	31	9	2016-01-26	3.757d
http://www.industrystock.pl/html/Chłodnice/product-result-pl-23643-0.html	"Chłodnice - 148 Producenci, Dystrybutorzy i Dostawcy"	http://www.fryka.de/	nofollow	text	www.fryka.de	72	118	2016-01-26	3.764d
http://www.industrystock.pl/html/Chłodnice/product-result-pl-23643-0.html	"Chłodnice - 148 Producenci, Dystrybutorzy i Dostawcy"	http://www.fryka.de/	dofollow	image	"Fryka Kältetechnik GmbH"	72	118	2016-01-26	3.764d
http://www.industrystock.pl/html/Chłodnice/product-result-pl-23640-0.html	"Chłodnice - 146 Producenci, Dystrybutorzy i Dostawcy"	http://www.fryka.de/	nofollow	text	www.fryka.de	70	134	2016-01-21	3.667d
http://www.industrystock.fr/html/Cryoplongeurs/product-result-fr-174463-0.html	"Cryoplongeurs (Cryoplongeur) - 13 Producteurs, Vendeurs et Fournisseurs"	http://www.fryka.de/	nofollow	text	www.fryka.de	54	90	2016-01-20	3.683d
http://www.industrystock.es/html/Refrigerantes/product-result-es-21325-0.html	"Refrigerantes - 73 Fabricantes, Comerciantes y Proveedores"	http://www.fryka.de/	nofollow	text	www.fryka.de	71	125	2016-01-20	3.733d
http://www.industrystock.it/html/Congelatore/product-result-it-117155-0.html	"Congelatore - 64 Fabbricanti, Commercianti e Fornitori"	http://www.fryka.de/	dofollow	image	"Fryka Kältetechnik GmbH"	71	124	2016-01-19	3.760d
http://www.industrystock.cz/html/Chladiva/product-result-cz-21325-0.html	"Chladiva - 107 Výrobci, Obchodníci a Dodavatelé"	http://www.fryka.de/	nofollow	text	www.fryka.de	71	124	2016-01-19	3.731d
http://www.industrystock.it/html/Congelatori/product-result-it-113948-0.html	"Congelatori - 401 Fabbricanti, Commercianti e Fornitori"	http://www.fryka.de/	nofollow	text	www.fryka.de	71	123	2016-01-15	3.672d
http://www.industrystock.it/html/Congelatori/product-result-it-64348-0.html	"Congelatori - 393 Fabbricanti, Commercianti e Fornitori"	http://www.fryka.de/	nofollow	text	www.fryka.de	71	123	2016-01-14	3.665d
http://www.industrystock.it/html/Congelatori/product-result-it-64348-0.html	"Congelatori - 393 Fabbricanti, Commercianti e Fornitori"	http://www.fryka.de/	dofollow	image	"Fryka Kältetechnik GmbH"	71	123	2016-01-14	3.665d
http://www.industrystock.it/html/Congelatori/product-result-it-27404-0.html	"Congelatori - 405 Fabbricanti, Commercianti e Fornitori"	http://www.fryka.de/	nofollow	text	www.fryka.de	71	126	2016-01-14	3.665d
http://www.industrystock.it/html/Radiatori/product-result-it-4754-0.html	"Radiatori - 458 Fabbricanti, Commercianti e Fornitori"	http://www.fryka.de/	nofollow	text	www.fryka.de	71	124	2016-01-13	3.667d
http://www.industrystock.it/html/Congelatori/product-result-it-76455-0.html	"Congelatori (Dispositivo di raffreddamento rapido) - 401 Fabbricanti, Commercianti e Fornitori"	http://www.fryka.de/	nofollow	text	www.fryka.de	71	126	2016-01-13	3.679d
http://www.industrystock.cz/html/Chladiva/product-result-cz-21325-0.html	"Chladiva - 107 Výrobci, Obchodníci a Dodavatelé"	http://www.fryka.de/	dofollow	image	"Fryka Kältetechnik GmbH"	71	124	2016-01-03	3.731d
http://www.analytica-mediaservices.de/prj_275/view/?nv=1.1.1&LNG=2&elb=275.1100.1940.1.1111&sb_n=&sb1=	"analytica Exhibitor Database"	http://www.fryka.de/	dofollow	text	http://www.fryka.de	31	8	2015-12-31	3.790d
http://www.industrystock.es/html/Refrigerantes/product-result-es-21325-0.html	"Refrigerantes - 73 Fabricantes, Comerciantes y Proveedores"	http://www.fryka.de/	dofollow	image	"Fryka Kältetechnik GmbH"	71	125	2015-12-30	3.733d
http://www.ninolab.dk/nc/produkter/vores-leverandoerer/?print=1	"Vores leverandører - A/S Ninolab"	http://www.fryka.de/	dofollow	text	www.fryka.de	4	36	2015-12-28	3.793d
http://www.heidi-buck.de/61.html?L=obippkuhqhmjofq&tx_ttnews%5Btt_news%5D=117&cHash=aaf025d3489b728f9edae7cdb9831b96	"heidi.buck: ""ES Charity"": 220 Besucher feiern WM-Viertelfinale im Theodor-Rothschild-Haus"	http://www.fryka.de/	dofollow	text	"Fryka Kältetechnik GmbH"	23	9	2015-12-28	3.793d
http://www.heidi-buck.de/61.html?L=obippkuhqhmjofq&tx_ttnews%5Btt_news%5D=114&cHash=9d27adf15be9111524a445a6499a0c5d	"heidi.buck: ""ES Charity"": Ein Volltreffer für das Theodor-Rothschild-Haus"	http://www.fryka.de/	dofollow	text	"Fryka Kältetechnik GmbH"	23	10	2015-12-28	3.793d
http://www.spider-pro.de/web/industrie/kaeltetechnik.html	"Kaeltetechnik « Industrie « SPIDER PRO"	http://www.fryka.de/	dofollow	text	"FRYKA-K�ltetechnik Esslingen: Ultratiefk�hlger�te ..."	19	16	2015-12-24	3.727d
http://www.industrystock.es/html/Refrigeradores/product-result-es-57118-0.html	"Refrigeradores - 155 Fabricantes, Comerciantes y Proveedores"	http://www.fryka.de/	nofollow	text	www.fryka.de	71	125	2015-12-20	3.672d
http://www.industrystock.it/html/Refrigeratore/product-result-it-28483-0.html	"Refrigeratore - 14 Fabbricanti, Commercianti e Fornitori"	http://www.fryka.de/	nofollow	text	www.fryka.de	55	88	2015-12-17	3.669d
http://www.industrystock.it/html/Radiatori/product-result-it-23640-0.html	"Radiatori - 458 Fabbricanti, Commercianti e Fornitori"	http://www.fryka.de/	nofollow	text	www.fryka.de	70	125	2015-12-17	3.668d
http://www.industrystock.it/html/Radiatori/product-result-it-117733-0.html	"Radiatori - 458 Fabbricanti, Commercianti e Fornitori"	http://www.fryka.de/	nofollow	text	www.fryka.de	71	124	2015-12-17	3.668d
http://www.industrystock.it/html/Frigorifero/product-result-it-23621-0.html	"Frigorifero (Gruppi di climatizzazione, Gruppi refrigeranti) - 143 Fabbricanti, Commercianti e Fornitori"	http://www.fryka.de/	nofollow	text	www.fryka.de	85	143	2015-12-17	3.096d
http://www.industrystock.pl/html/Lodówki/product-result-pl-23691-0.html	"Lodówki - 316 Producenci, Dystrybutorzy i Dostawcy"	http://www.fryka.de/	nofollow	text	www.fryka.de	71	124	2015-12-13	3.668d
http://www.es-and-friends.de/	"ES&friends - Der Unternehmerverbund in Esslingen - ES and friends"	http://www.fryka.de/	dofollow	image	"Fryka Kältetechnik GmbH - Esslingen"	9	19	2015-12-12	3.802d
http://www.labormed.hr/ponuda.html	"LABORMED Zagreb ::: Medicinska i laboratorijska oprema :::"	http://www.fryka.de/	dofollow	image	FRYKA	13	146	2015-12-05	2.989d
http://www.bw-jobs.de/nc/tr/arbeitgeberverzeichnis/branchen/gesundheitswirtschaft/biotechnologie/letter/F/company/fryka-kaeltetechnik-gmbh.html?tx_bwcompanies_pi1%5Bsearchform%5D=PRGROUPS&tx_bwcompanies_pi1%5Bregion%5D=1&cHash=bccdba372485c32554824b900cbe0310	Biyoteknoloji	http://www.fryka.de/	nofollow	text	"Şirketin resmi sitesine ulaşmak için"	62	27	2015-10-29	3.704d
http://www.bw-jobs.de/nc/fr/arbeitgeberverzeichnis/branchen/gesundheitswirtschaft/biotechnologie/letter/F/company/fryka-kaeltetechnik-gmbh.html?tx_bwcompanies_pi1%5Bsearchform%5D=PRGROUPS&tx_bwcompanies_pi1%5Bregion%5D=1&cHash=8124da305076575d47e875e5ca2c879f	Biotechnologie	http://www.fryka.de/	nofollow	text	"page d´internet"	62	27	2015-10-29	3.704d
http://www.bw-jobs.de/nc/es/arbeitgeberverzeichnis/branchen/gesundheitswirtschaft/biotechnologie/letter/F/company/fryka-kaeltetechnik-gmbh.html?tx_bwcompanies_pi1%5Bsearchform%5D=PRGROUPS&tx_bwcompanies_pi1%5Bregion%5D=1&cHash=6c76c0b8b78f4d05d474d97a3285c245	Biotecnología	http://www.fryka.de/	nofollow	text	"Página web de la compania"	62	27	2015-10-29	3.704d
http://www.bw-jobs.de/nc/en/arbeitgeberverzeichnis/branchen/gesundheitswirtschaft/biotechnologie/letter/F/company/fryka-kaeltetechnik-gmbh.html?tx_bwcompanies_pi1%5Bsearchform%5D=PRGROUPS&tx_bwcompanies_pi1%5Bregion%5D=1&cHash=ee3d15dcf02e73dc531b53c44899c0c9	Biotechnology	http://www.fryka.de/	nofollow	text	"link to company website"	63	25	2015-10-29	3.704d
http://www.bw-jobs.de/nc/de/arbeitgeberverzeichnis/branchen/gesundheitswirtschaft/biotechnologie/letter/F/company/fryka-kaeltetechnik-gmbh.html?tx_bwcompanies_pi1%5Bsearchform%5D=PRGROUPS&tx_bwcompanies_pi1%5Bregion%5D=1&cHash=46617d6b5a4ba81e5ee5632b6357ae2f	Biotechnologie	http://www.fryka.de/	nofollow	text	"zur Unternehmensseite im Internet"	62	27	2015-10-29	3.704d
http://heidi-buck.de/61.html?L=obippkuhqhmjofq&tx_ttnews%5Btt_news%5D=117&cHash=aaf025d3489b728f9edae7cdb9831b96	"heidi.buck: ""ES Charity"": 220 Besucher feiern WM-Viertelfinale im Theodor-Rothschild-Haus"	http://www.fryka.de/	dofollow	text	"Fryka Kältetechnik GmbH"	22	10	2015-10-29	3.815d
http://heidi-buck.de/61.html?L=obippkuhqhmjofq&tx_ttnews%5Btt_news%5D=114&cHash=9d27adf15be9111524a445a6499a0c5d	"heidi.buck: ""ES Charity"": Ein Volltreffer für das Theodor-Rothschild-Haus"	http://www.fryka.de/	dofollow	text	"Fryka Kältetechnik GmbH"	22	11	2015-10-29	3.853d
http://www.biotechnica.de/exhibitor/fryka-kaeltetechnik/N940505	"Fryka-Kältetechnik - Exhibitor - BIOTECHNICA 2015"	http://www.fryka.de/en/company/	dofollow	text	"go to company website"	206	24	2015-10-17	3.686d
http://www.biotechnica.de/exhibitor/fryka-kaeltetechnik/N940505	"Fryka-Kältetechnik - Exhibitor - BIOTECHNICA 2015"	http://www.fryka.de/	dofollow	text	"go to company website"	206	24	2015-10-17	3.686d
http://heidi-buck.de/61.html?tx_ttnews%5Btt_news%5D=114&cHash=bc28f4292cd1c6e23873fcbd5830591e	"heidi.buck: ""ES Charity"": Ein Volltreffer für das Theodor-Rothschild-Haus"	http://www.fryka.de/	dofollow	text	"Fryka Kältetechnik GmbH"	22	11	2015-10-17	3.815d
http://www.totallab.co.nz/agencies/	"Agencies | Total Lab Systems"	http://www.fryka.de/en/	dofollow	text	"View Website"	604	56	2015-10-14	3.815d
http://www.suchprotokoll.com/tag/kaeltetechnik.html	"Kaeltetechnik / Suchprotokoll"	http://www.fryka.de/	nofollow	text	"FRYKA Kältetechnik - Esslingen -- Fryka, Kältetechnik ..."	76	10	2015-10-14	3.868d
http://www.slider.de/Wissenschaft/Produkte_und_Dienstleistungen/Laborausr%C3%BCstung.htm	"Slider Directory: Laborausrüstung"	http://www.fryka.de/	dofollow	text	http://www.fryka.de/	30	37	2015-10-14	3.709d
http://www.slider.de/Wissenschaft/Produkte_und_Dienstleistungen/Laborausr%C3%BCstung.htm	"Slider Directory: Laborausrüstung"	http://www.fryka.de/	dofollow	text	"Fryka-Kältetechnik GmbH"	30	37	2015-10-14	3.709d
http://www.ninolab.dk/produkter/vores-leverandoerer/	"Vores leverandører - A/S Ninolab"	http://www.fryka.de/	dofollow	text	www.fryka.de	43	41	2015-10-14	3.814d
http://www.labwrench.com/?go.jump/no/421		http://www.fryka.de/de/	redirect	unknown	n/a	0	0	2015-10-14	3.868d
http://www.industrystock.ae/html/product-service-ar-21339-0.html	"تقنية التبريد - 550 شركات مصنعة, تجار, متعهدون"	http://www.fryka.de/	nofollow	text	www.fryka.de	156	96	2015-10-14	3.868d
http://www.industrystock.ae/html/product-service-ar-21339-0.html	"تقنية التبريد - 550 شركات مصنعة, تجار, متعهدون"	http://www.fryka.de/	dofollow	image	"Fryka Kältetechnik GmbH"	156	96	2015-10-14	3.868d
http://www.handwerk-db.de/firma/72231	"Heizung, Klima und Lüftung: Fryka-Kältetechnik GmbH Esslingen am Neckar"	http://www.fryka.de/	nofollow	text	http://www.fryka.de	76	4	2015-10-14	3.868d
http://www.fryka-kaeltetechnik.de/de/seriengeraete/umlaufkuehler/umlaufkuhler-umwalzkuhler/	"FRYKA Umlaufkühler / Umwälzkühler: für Labor und Industrie"	http://www.fryka.de/de/unternehmen/qualitat/	dofollow	image	Qualität	49	3	2015-10-14	3.868d
http://www.fryka-kaeltetechnik.de/de/seriengeraete/umlaufkuehler/umlaufkuhler-umwalzkuhler/	"FRYKA Umlaufkühler / Umwälzkühler: für Labor und Industrie"	http://www.fryka.de/de/seriengeraete/miete/	dofollow	image	Miete	49	3	2015-10-14	3.868d
http://www.fryka-kaeltetechnik.de/de/seriengeraete/umlaufkuehler/umlaufkuhler-umwalzkuhler/	"FRYKA Umlaufkühler / Umwälzkühler: für Labor und Industrie"	http://www.fryka.de/de/kontakt/	dofollow	image	Kontakt	49	3	2015-10-14	3.868d
http://www.bw-jobs.de/nc/de/arbeitgeberverzeichnis/branchen/gesundheitswirtschaft/biotechnologie/letter/F/company/fryka-kaeltetechnik-gmbh.html?tx_bwcompanies_pi1[searchform]=PRGROUPS&tx_bwcompanies_pi1[region]=1	Biotechnologie	http://www.fryka.de/	nofollow	text	"zur Unternehmensseite im Internet"	62	27	2015-10-14	3.704d
http://www.blog-handwerk.de/blog-archiv/seminarteilnehmer-des-monats-april-2014.php	"Blog im Handwerk f�r die Unternehmen im Handwerk von Klaus Steinseifer"	http://www.fryka.de/	dofollow	text	www.fryka.de	29	10	2015-10-14	3.868d
http://www.biotechnica.de/aussteller/fryka-kaeltetechnik/N940505	"Fryka-Kältetechnik - Aussteller - BIOTECHNICA 2015"	http://www.fryka.de/de/unternehmen/	dofollow	text	"zur Unternehmenswebsite"	207	25	2015-10-14	3.686d
http://www.biotechnica.de/aussteller/fryka-kaeltetechnik/N940505	"Fryka-Kältetechnik - Aussteller - BIOTECHNICA 2015"	http://www.fryka.de/	dofollow	text	"zur Unternehmenswebsite"	207	25	2015-10-14	3.686d
http://www.analytik-news.de/Links/Adressen/Firmen/Profil/2319.html	"FRYKA K�ltetechnik GmbH - Esslingen | analytik-news.de"	http://www.fryka.de/	nofollow	text	www.fryka.de	90	5	2015-10-14	3.808d
http://www.analytica-world.com/en/refrigeration-technology.html	"Refrigeration Technology - Products, news, whitepaper, companies, specialist information"	http://www.fryka.de/en/	dofollow	text	more	63	34	2015-10-14	3.868d
http://www.analytica-world.com/en/refrigeration-technology.html	"Refrigeration Technology - Products, news, whitepaper, companies, specialist information"	http://www.fryka.de/en/	dofollow	text	"FRYKA cooling technology - Esslingen -- experts in refrigeration engineering, deep freeze products,"	63	34	2015-10-14	3.868d
http://www.analytica-mediaservices.de/prj_275/view/?nv=1.1.1&LNG=1&elb=275.1100.1940.1.1111&sb_n=&sb1=	"analytica Ausstellerdatenbank"	http://www.fryka.de/	dofollow	text	http://www.fryka.de	31	8	2015-10-14	3.868d
http://www.aligo.de/esslingen-esslingen/fryka-kaeltetechnik-gmbh-311920.html	"Fryka-K�ltetechnik GmbH in 73730 Esslingen � ALIGO"	http://www.fryka.de/	dofollow	text	www.fryka.de	48	11	2015-10-14	3.733d
http://www.aligo.at/?content=firmen-details&city=esslingen-esslingen&company=fryka-kaeltetechnik-gmbh-311920	"Fryka-Kältetechnik GmbH in 73730 Esslingen · ALIGO"	http://www.fryka.de/	dofollow	text	www.fryka.de	48	11	2015-10-14	3.711d
http://profilab24.com/FRYKA-Stainless-steel-shelf-TT-90-RC	"FRYKA Stainless steel shelf TT 90-RC, 67,00 &#8364;"	http://www.fryka.de/	nofollow	text	FRYKA	175	1	2015-10-14	3.868d
http://profilab24.com/FRYKA-Folding-paper-for-TSG	"FRYKA Folding paper for TSG, 122,00 &#8364;"	http://www.fryka.de/	nofollow	text	FRYKA	173	1	2015-10-14	3.868d
http://profilab24.com/FRYKA-Contact-sensor	"FRYKA Contact sensor, 108,00 &#8364;"	http://www.fryka.de/	nofollow	text	FRYKA	175	1	2015-10-14	3.868d
http://live.isitesoftware.co.nz/totallab/productfull/?cat=0&prodid=4029	"Product Details | Total Lab Systems"	http://www.fryka.de/en/	dofollow	image	n/a	438	2	2015-10-14	3.868d
http://camblab.info/wp/index.php/fryka-underbench-freezer-was-6000-00-now-only-1750-00/	"The Laboratory People � FRYKA underbench freezer was £6,000.00 &#8211; now only £1,750.00"	http://www.fryka.de/	dofollow	text	FRYKA	146	18	2015-10-14	3.868d
http://camblab.info/wp/index.php/fryka-underbench-freezer-was-6000-00-now-only-1750-00/	"The Laboratory People � FRYKA underbench freezer was £6,000.00 &#8211; now only £1,750.00"	http://www.fryka.de/	dofollow	text	FRYKA	146	18	2015-10-14	3.868d
http://camblab.info/wp/index.php/fryka-underbench-freezer-was-6000-00-now-only-1750-00/	"The Laboratory People � FRYKA underbench freezer was £6,000.00 &#8211; now only £1,750.00"	http://www.fryka.de/	dofollow	image	Fryka	146	18	2015-10-14	3.868d
http://www.heidi-buck.de/61.html?tx_ttnews%5Btt_news%5D=117&cHash=59131903b9d894b640cd73547479d85b	"heidi.buck: ""ES Charity"": 220 Besucher feiern WM-Viertelfinale im Theodor-Rothschild-Haus"	http://www.fryka.de/	dofollow	text	"Fryka Kältetechnik GmbH"	23	9	2015-10-05	3.814d
http://www.heidi-buck.de/61.html?tx_ttnews%5Btt_news%5D=114&cHash=bc28f4292cd1c6e23873fcbd5830591e	"heidi.buck: ""ES Charity"": Ein Volltreffer für das Theodor-Rothschild-Haus"	http://www.fryka.de/	dofollow	text	"Fryka Kältetechnik GmbH"	23	10	2015-10-05	3.815d
http://www.heidi-buck.de/61.html?L=1&tx_ttnews%5Btt_news%5D=114&cHash=358743ad25be3c97c45dba2ed10e205f	"heidi.buck: ""ES Charity"": Ein Volltreffer für das Theodor-Rothschild-Haus"	http://www.fryka.de/	dofollow	text	"Fryka Kältetechnik GmbH"	23	10	2015-10-05	3.814d
http://www.heidi-buck.de/61.html?L=&tx_ttnews%5Btt_news%5D=117&cHash=cc7e36dd43f9e31769cc95f7d5d7da71	"heidi.buck: ""ES Charity"": 220 Besucher feiern WM-Viertelfinale im Theodor-Rothschild-Haus"	http://www.fryka.de/	dofollow	text	"Fryka Kältetechnik GmbH"	23	9	2015-10-05	3.814d
http://www.heidi-buck.de/61.html?L=&tx_ttnews%5Btt_news%5D=114&cHash=646a83bf207a74a7c89ffed9ec9a6e97	"heidi.buck: ""ES Charity"": Ein Volltreffer für das Theodor-Rothschild-Haus"	http://www.fryka.de/	dofollow	text	"Fryka Kältetechnik GmbH"	23	10	2015-10-05	3.814d
http://www.labormed.com/o_nama.html	"LABORMED Zagreb ::: Medicinska i laboratorijska oprema :::"	http://www.fryka.de/	dofollow	text	FRYKA	11	48	2015-10-04	3.668d
http://profilab24.com/FRYKA-Temperature-recorder-TSG-30-100-CF	"FRYKA Temperature recorder TSG 30/100 CF, 2.100,00 &#8364;"	http://www.fryka.de/	nofollow	text	FRYKA	181	1	2015-10-04	3.878d
http://profilab24.com/FRYKA-TAUCHKUEHLER-TK-500er-Serie	"FRYKA TAUCHK�HLER TK 500er Serie, 1.670,00 &#8364;"	http://www.fryka.de/	nofollow	text	FRYKA	121	1	2015-10-04	3.878d
http://profilab24.com/FRYKA-TAUCHKUEHLER-TK-1000er-Serie	"FRYKA TAUCHK�HLER TK 1000er Serie, 2.010,00 €"	http://www.fryka.de/	nofollow	text	FRYKA	120	1	2015-10-04	3.878d
http://profilab24.com/FRYKA-Silikonschlauch-Meterware-ID-125-mm	"FRYKA Silikonschlauch // Meterware // ID 12,5 mm, 35,00 &#8364;"	http://www.fryka.de/	nofollow	text	FRYKA	175	1	2015-10-04	3.878d
http://profilab24.com/FRYKA-Silikonschlauch-Meterware-ID-10mm	"FRYKA Silikonschlauch // Meterware // ID 10mm, 19,00 &#8364;"	http://www.fryka.de/	nofollow	text	FRYKA	176	1	2015-10-04	3.878d
http://profilab24.com/FRYKA-Silicone-tube-yard-goods-ID-125-mm	"FRYKA Silicone tube // yard goods // ID 12,5 mm, 35,00 &#8364;"	http://www.fryka.de/	nofollow	text	FRYKA	175	1	2015-10-04	3.878d
http://profilab24.com/FRYKA-Silicone-tube-yard-goods-ID-10mm	"FRYKA Silicone tube // yard goods // ID 10mm, 19,00 &#8364;"	http://www.fryka.de/	nofollow	text	FRYKA	176	1	2015-10-04	3.878d
http://profilab24.com/FRYKA-Shelf-drawers-TS-100-RS	"FRYKA Shelf-drawers TS 100-RS, 550,00 &#8364;"	http://www.fryka.de/	nofollow	text	FRYKA	177	1	2015-10-04	3.878d
http://profilab24.com/FRYKA-Shelf-drawers-B-35-RS	"FRYKA Shelf-drawers B 35-RS, 280,00 &#8364;"	http://www.fryka.de/	nofollow	text	FRYKA	175	1	2015-10-04	3.878d
http://profilab24.com/FRYKA-Shelf-drawers-B-30-RS	"FRYKA Shelf-drawers B 30-RS, 240,00 &#8364;"	http://www.fryka.de/	nofollow	text	FRYKA	174	1	2015-10-04	3.878d
http://profilab24.com/FRYKA-Schubfaecher-Regal-B-35-RS	"FRYKA Schubf�cher-Regal B 35-RS, 280,00 &#8364;"	http://www.fryka.de/	nofollow	text	FRYKA	175	1	2015-10-04	3.878d
http://profilab24.com/FRYKA-Schubfaecher-Regal-B-30-RS	"FRYKA Schubf�cher-Regal B 30-RS, 240,00 &#8364;"	http://www.fryka.de/	nofollow	text	FRYKA	174	1	2015-10-04	3.878d
http://profilab24.com/FRYKA-Kuehlfluessigkeit-HKF-151	"FRYKA K�hlfl�ssigkeit HKF 15.1, 22,00 &#8364;"	http://www.fryka.de/	nofollow	text	FRYKA	175	1	2015-10-04	3.878d
http://profilab24.com/FRYKA-Kontaktfuehler	"FRYKA Kontaktf�hler, 108,00 &#8364;"	http://www.fryka.de/	nofollow	text	FRYKA	175	1	2015-10-04	3.878d
http://profilab24.com/FRYKA-KUEHLPLATTEN-KP	"FRYKA K�HLPLATTEN KP, 1.630,00 &#8364;"	http://www.fryka.de/	nofollow	text	FRYKA	118	1	2015-10-04	3.878d
http://profilab24.com/FRYKA-Immersion-coolers-TK-500-series	"FRYKA Immersion coolers TK 500 series, 1.670,00 &#8364;"	http://www.fryka.de/	nofollow	text	FRYKA	121	1	2015-10-04	3.878d
http://profilab24.com/FRYKA-Faltpapier-fuer-TSG-	"FRYKA Faltpapier f�r TSG , 122,00 &#8364;"	http://www.fryka.de/	nofollow	text	FRYKA	173	1	2015-10-04	3.878d
http://profilab24.com/FRYKA-Edelstahlregal-TT-90-RC	"FRYKA Edelstahlregal TT 90-RC, 67,00 &#8364;"	http://www.fryka.de/	nofollow	text	FRYKA	175	1	2015-10-04	3.878d
http://profilab24.com/FRYKA-Cooling-plates-KP	"FRYKA Cooling plates KP, 1.630,00 &#8364;"	http://www.fryka.de/	nofollow	text	FRYKA	118	1	2015-10-04	3.878d
http://profilab24.com/FRYKA-Cooling-liquid-HKF-151	"FRYKA Cooling liquid HKF 15.1, 22,00 &#8364;"	http://www.fryka.de/	nofollow	text	FRYKA	175	1	2015-10-04	3.878d
http://profilab24.com/FRYKA-Connection-for-external-temperature-sensor	"FRYKA Connection for external temperature sensor, 185,00 &#8364;"	http://www.fryka.de/	nofollow	text	FRYKA	175	1	2015-10-04	3.878d
http://profilab24.com/FRYKA-Anschluss-fuer-externen-Temperaturfuehler	"FRYKA Anschlu� f�r externen Temperaturf�hler, 185,00 &#8364;"	http://www.fryka.de/	nofollow	text	FRYKA	175	1	2015-10-04	3.878d
http://profilab24.com/FRYKA-4-casters-firmly-mounted	"FRYKA 4 casters firmly mounted, 115,00 &#8364;"	http://www.fryka.de/	nofollow	text	FRYKA	175	1	2015-10-04	3.878d
http://profilab24.com/FRYKA-4-Fahrrollen-fest-montiert	"FRYKA 4 Fahrrollen fest montiert, 115,00 &#8364;"	http://www.fryka.de/	nofollow	text	FRYKA	175	1	2015-10-04	3.878d
http://heidi-buck.de/61.html?L=1&tx_ttnews%5Btt_news%5D=114&cHash=358743ad25be3c97c45dba2ed10e205f	"heidi.buck: ""ES Charity"": Ein Volltreffer für das Theodor-Rothschild-Haus"	http://www.fryka.de/	dofollow	text	"Fryka Kältetechnik GmbH"	22	11	2015-10-04	3.815d
http://www.beyondwhois.com/directory/de/f/de-domain-names-1288.html	"de Domain Names | WHOIS Directory for de | f | Page 1288 | BeyondWhois"	http://www.fryka.de/	dofollow	text	fryka.de	75	751	2015-10-02	3.880d
http://www.beyondwhois.com/directory/de/f/de-domain-names-1288.html	"de Domain Names | WHOIS Directory for de | f | Page 1288 | BeyondWhois"	http://www.fryka.de/	dofollow	image	n/a	75	751	2015-10-02	3.880d
http://www.chemeurope.com/en/products/128048/modern-generation-of-circulating-coolers-for-professional-applications.html	"Modern generation of circulating coolers for professional applications - - High precision cooling and maximum operational reliability for cooling processes and analytical devices"	http://www.fryka.de/en/standard-equipment/circulating-coolers/	dofollow	text	"Product website"	109	49	2015-09-30	3.878d
http://www.soegning.dk/dir/World/Deutsch/Wissenschaft/Produkte_und_Dienstleistungen/Laborausr%C3%BCstung	"Søgning.dk - World : Deutsch : Wissenschaft : Produkte und Dienstleistungen : Laborausrüstung"	http://www.fryka.de/	dofollow	text	www.fryka.de	61	87	2015-09-27	3.688d
http://www.soegning.dk/dir/World/Deutsch/Wissenschaft/Produkte_und_Dienstleistungen/Laborausr%C3%BCstung	"Søgning.dk - World : Deutsch : Wissenschaft : Produkte und Dienstleistungen : Laborausrüstung"	http://www.fryka.de/	dofollow	text	"Fryka-Kältetechnik GmbH"	61	87	2015-09-27	3.688d
http://www.soegning.dk/dir/World/Deutsch/Wissenschaft/Produkte_und_Dienstleistungen/Laborausr%C3%BCstung	"Søgning.dk - World : Deutsch : Wissenschaft : Produkte und Dienstleistungen : Laborausrüstung"	http://www.fryka.de/	dofollow	image	"Fryka-Kältetechnik GmbH http://www.fryka.de/"	61	87	2015-09-27	3.688d
http://www.industrystock.ru/html/product-service-ru-21339-0.html	"холодильная техника - 547 Производители, Продавцы, Поставщики"	http://www.fryka.de/	nofollow	text	www.fryka.de	156	94	2015-09-27	3.885d
http://www.industrystock.ru/html/product-service-ru-21339-0.html	"холодильная техника - 547 Производители, Продавцы, Поставщики"	http://www.fryka.de/	dofollow	image	"Fryka Kältetechnik GmbH"	156	94	2015-09-27	3.885d
http://www.hornhautbank-muenchen.de/links/partner/	"Partner | Hornhautbank München"	http://www.fryka.de/de/	dofollow	text	"FRYKA Kältetechnik"	54	23	2015-09-27	3.885d
http://www.hornhautbank-muenchen.de/links/partner/	"Partner | Hornhautbank München"	http://www.fryka.de/de/	dofollow	image	fryka-logo	54	23	2015-09-27	3.885d
http://www.allsites.com/Top.World.Deutsch.Wissenschaft.Produkte_und_Dienstleistungen.Laborausr%C3%BCstung.html	"Allsites.com - Search Engines : World : Deutsch : Wissenschaft : Produkte und Dienstleistungen : Laborausrüstung"	http://www.fryka.de/	nofollow	text	"Fryka-Kältetechnik GmbH"	12	89	2015-09-27	2.987d
http://news.medicalexpo.de/press/fryka-kaltetechnik-gmbh/umlaufkuhler-umwalzkuhler-dlk-402-68530-165005.html	"Umlaufkühler // Umwälzkühler DLK 402 - FRYKA-Kältetechnik GmbH - News und Pressemitteilungen"	http://www.fryka.de/de/seriengeraete/umlaufkuehler/	dofollow	text	"Mehr Informationen"	10	27	2015-09-25	3.887d
http://profilab24.com/FRYKA-Underbench-freezers-TUS-logg	"FRYKA Underbench freezers TUS //logg, 6.600,00 &#8364;"	http://www.fryka.de/	nofollow	text	FRYKA	123	1	2015-09-24	3.888d
http://profilab24.com/FRYKA-Underbench-freezers-TUS	"FRYKA Underbench freezers TUS, 5.960,00 &#8364;"	http://www.fryka.de/	nofollow	text	FRYKA	123	1	2015-09-24	3.888d
http://profilab24.com/FRYKA-Umlaufkuehler-DLK-402	"FRYKA Umlaufk�hler DLK 402, 1.720,00 &#8364;"	http://www.fryka.de/	nofollow	text	FRYKA	127	1	2015-09-24	3.888d
http://profilab24.com/FRYKA-Tiefkuehltruhe-TT-logg	"FRYKA Tiefk�hltruhe TT //logg, 5.590,00 €"	http://www.fryka.de/	nofollow	text	FRYKA	122	1	2015-09-24	3.888d
http://profilab24.com/FRYKA-Tiefkuehltruhe-TT	"FRYKA Tiefk�hltruhe TT, 4.950,00 &#8364;"	http://www.fryka.de/	nofollow	text	FRYKA	122	1	2015-09-24	3.888d
http://profilab24.com/FRYKA-Tiefkuehlschrank-TS-logg	"FRYKA Tiefk�hlschrank TS //logg, 6.660,00 &#8364;"	http://www.fryka.de/	nofollow	text	FRYKA	124	1	2015-09-24	3.888d
http://profilab24.com/FRYKA-Tiefkuehlbox-B-35-logg	"FRYKA Tiefk�hlbox B 35 //logg, 4.020,00 &#8364;"	http://www.fryka.de/	nofollow	text	FRYKA	124	1	2015-09-24	3.888d
http://profilab24.com/FRYKA-Tiefkuehlbox-B-35	"FRYKA Tiefk�hlbox B 35, 3.340,00 &#8364;"	http://www.fryka.de/	nofollow	text	FRYKA	123	1	2015-09-24	3.888d
http://profilab24.com/FRYKA-Tiefkuehlbox-B-30	"FRYKA Tiefk�hlbox B 30, 2.100,00 &#8364;"	http://www.fryka.de/	nofollow	text	FRYKA	121	1	2015-09-24	3.888d
http://profilab24.com/FRYKA-Tiefkuehl-Unterbauschrank-TUS-logg	"FRYKA Tiefk�hl-Unterbauschrank TUS //logg, 6.600,00 &#8364;"	http://www.fryka.de/	nofollow	text	FRYKA	123	1	2015-09-24	3.888d
http://profilab24.com/FRYKA-Tiefkuehl-Unterbauschrank-TUS-	"FRYKA Tiefk�hl-Unterbauschrank TUS , 5.960,00 &#8364;"	http://www.fryka.de/	nofollow	text	FRYKA	123	1	2015-09-24	3.888d
http://profilab24.com/FRYKA-Temperaturschreiber-TSG-30-100-CF	"FRYKA Temperaturschreiber TSG 30/100 CF, 2.100,00 &#8364;"	http://www.fryka.de/	nofollow	text	FRYKA	181	1	2015-09-24	3.888d
http://profilab24.com/FRYKA-Schubfaecher-Regal-TS-100-RS	"FRYKA Schubf�cher-Regal TS 100-RS, 550,00 €"	http://www.fryka.de/	nofollow	text	FRYKA	177	1	2015-09-24	3.888d
http://profilab24.com/FRYKA-Mini-freezer-KBT	"FRYKA Mini freezer KBT, 1.895,00 &#8364;"	http://www.fryka.de/	nofollow	text	FRYKA	119	1	2015-09-24	3.888d
http://profilab24.com/FRYKA-Mini-Tiefkuehltruhe-KBT	"FRYKA Mini-Tiefk�hltruhe KBT, 1.895,00 €"	http://www.fryka.de/	nofollow	text	FRYKA	119	1	2015-09-24	3.888d
http://profilab24.com/FRYKA-Kaeltethermostat-	"FRYKA K�ltethermostat , 2.390,00 &#8364;"	http://www.fryka.de/	nofollow	text	FRYKA	123	1	2015-09-24	3.888d
http://profilab24.com/FRYKA-Kaeltebad-KB	"FRYKA K�ltebad KB, 1.690,00 €"	http://www.fryka.de/	nofollow	text	FRYKA	121	1	2015-09-24	3.888d
http://profilab24.com/FRYKA-Immersion-coolers-TK-1000-series	"FRYKA Immersion coolers TK 1000 series, 2.010,00 &#8364;"	http://www.fryka.de/	nofollow	text	FRYKA	120	1	2015-09-24	3.888d
http://profilab24.com/FRYKA-Freezers-TS	"FRYKA Freezers TS, 6.660,00 &#8364;"	http://www.fryka.de/	nofollow	text	FRYKA	124	1	2015-09-24	3.888d
http://profilab24.com/FRYKA-Freezer-TS	"FRYKA Freezer TS, 5.990,00 &#8364;"	http://www.fryka.de/	nofollow	text	FRYKA	124	1	2015-09-24	3.888d
http://profilab24.com/FRYKA-Cooling-thermostats	"FRYKA Cooling thermostats, 2.390,00 &#8364;"	http://www.fryka.de/	nofollow	text	FRYKA	123	1	2015-09-24	3.888d
http://profilab24.com/FRYKA-Cooling-baths-KB	"FRYKA Cooling baths KB, 1.690,00 &#8364;"	http://www.fryka.de/	nofollow	text	FRYKA	121	1	2015-09-24	3.888d
http://profilab24.com/FRYKA-Cold-boxes-B-35-logg	"FRYKA Cold boxes B 35 //logg, 4.020,00 &#8364;"	http://www.fryka.de/	nofollow	text	FRYKA	124	1	2015-09-24	3.888d
http://profilab24.com/FRYKA-Cold-boxes-B-35	"FRYKA Cold boxes B 35, 3.340,00 €"	http://www.fryka.de/	nofollow	text	FRYKA	123	1	2015-09-24	3.888d
http://profilab24.com/FRYKA-Cold-boxes-B-30	"FRYKA Cold boxes B 30, 2.100,00 &#8364;"	http://www.fryka.de/	nofollow	text	FRYKA	122	1	2015-09-24	3.888d
http://profilab24.com/FRYKA-Circulating-cooler-DLK	"FRYKA Circulating cooler DLK, 2.290,00 &#8364;"	http://www.fryka.de/	nofollow	text	FRYKA	129	1	2015-09-24	3.888d
http://profilab24.com/FRYKA-Circulating-Cooler-DLK-402	"FRYKA Circulating Cooler DLK 402, 1.720,00 &#8364;"	http://www.fryka.de/	nofollow	text	FRYKA	127	1	2015-09-24	3.888d
http://profilab24.com/FRYKA-Chest-freezer-TT	"FRYKA Chest freezer TT, 4.950,00 &#8364;"	http://www.fryka.de/	nofollow	text	FRYKA	122	1	2015-09-24	3.888d
http://profilab24.com/FRYKA-CHEST-FREEZER-TT-logg	"FRYKA CHEST FREEZER TT //logg, 5.590,00 &#8364;"	http://www.fryka.de/	nofollow	text	FRYKA	122	1	2015-09-24	3.888d
http://www.domaindb.de/domainmarkets.htm?/World/Deutsch/Wissenschaft/Produkte_und_Dienstleistungen/Laborausr%C3%BCstung/	"domaindb.de - Kein Suchen, Finden von kostenlosen, freien, noch nicht registrierten Domain - Namen"	http://www.fryka.de/	dofollow	text	"Fryka-Kältetechnik GmbH"	1	264	2015-09-20	3.569d
http://www.beammachine.net/business/www.fryka.de-230765	"Fryka-K�ltetechnik GmbH (fryka.de)"	http://www.fryka.de/	nofollow	text	www.fryka.de	25	1	2015-09-20	3.892d
http://www.industrystock.com.br/html/Refrigerador/product-result-pt-23640-0.html	"Refrigerador - 248 Fabricantes, Comerciantes e Fornecedores"	http://www.fryka.de/	dofollow	image	"Fryka Kältetechnik GmbH"	177	101	2015-09-19	3.893d
http://www.analytica-media.de/prj_275/view/?nv=1.1.1&LNG=1&elb=275.1100.1940.1.1111	"analytica Ausstellerdatenbank"	http://www.fryka.de/	dofollow	text	http://www.fryka.de	31	8	2015-09-17	3.895d
http://www.cylex-branchenbuch-esslingen.de/firma-home/fryka-kaeltetechnik-gmbh-690.html	"Fryka-K�ltetechnik GmbH Ohmstr. 4 73730 ESSLINGEN AM NECKAR"	http://fryka.de/	dofollow	text	http://fryka.de	4	4	2015-09-16	3.896d
http://cabacas.com/kaeltetechnik	kältetechnik	http://www.fryka.de/	dofollow	image	"kältetechnik | FRYKA Kältetechnik - Esslingen -- Fryka, Kältetechnik ..."	17	50	2015-09-16	2.557d
http://www.industrystock.ru/html/product-service-ru-27404-0.html	"низкотемпературные холодильники - 71 Производители, Продавцы, Поставщики"	http://www.fryka.de/	nofollow	text	www.fryka.de	177	95	2015-09-13	3.899d
http://www.industrystock.ru/html/product-service-ru-27404-0.html	"низкотемпературные холодильники - 71 Производители, Продавцы, Поставщики"	http://www.fryka.de/	dofollow	image	"Fryka Kältetechnik GmbH"	177	95	2015-09-13	3.899d
http://analytica-media.de/prj_275/view/?nv=1.1.1&LNG=1&elb=275.1100.1940.1.1111	"analytica Ausstellerdatenbank"	http://www.fryka.de/	dofollow	text	http://www.fryka.de	31	8	2015-09-13	3.899d
http://www.labormed.com/ponuda.html	"LABORMED Zagreb ::: Medicinska i laboratorijska oprema :::"	http://www.fryka.de/	dofollow	text	FRYKA	11	148	2015-09-12	2.988d
http://www.labormed.com/ponuda.html	"LABORMED Zagreb ::: Medicinska i laboratorijska oprema :::"	http://www.fryka.de/	dofollow	image	FRYKA	11	148	2015-09-12	2.988d
http://uk.57883.net/alexa/uk/?domain=fryka.de	"★ fryka.de global variable ranking ★ website ranking alexa ★ website ranking ★"	http://fryka.de/	dofollow	text	fryka.de	47	9	2015-09-12	3.739d
http://uk.57883.net/alexa/uk/?domain=fryka.de	"★ fryka.de global variable ranking ★ website ranking alexa ★ website ranking ★"	http://fryka.de/	dofollow	text	fryka.de	47	9	2015-09-12	3.739d
http://www.wicam.com/references/?lang=fr	"Références | WiCAM GmbH – Technical Software"	http://www.fryka.de/	dofollow	text	"FRYKA-Kältetechnik GmbH"	123	727	2015-09-11	3.580d
http://www.wicam.com/references/?lang=fr	"Références | WiCAM GmbH – Technical Software"	http://www.fryka.de/	dofollow	text	"FRYKA-Kältetechnik GmbH"	123	727	2015-09-11	3.580d
http://www.analytica-media.de/prj_275/view/?nv=1.1.1&LNG=2&elb=275.1100.1940.1.1111	"analytica Exhibitor Database"	http://www.fryka.de/	dofollow	text	http://www.fryka.de	31	8	2015-09-11	3.900d
http://www.heidi-buck.de/61.html?L=1&tx_ttnews%5Btt_news%5D=117&cHash=003802abd12136161878d724cfe56f85	"heidi.buck: ""ES Charity"": 220 Besucher feiern WM-Viertelfinale im Theodor-Rothschild-Haus"	http://www.fryka.de/	dofollow	text	"Fryka Kältetechnik GmbH"	23	9	2015-09-09	3.814d
http://heidi-buck.de/61.html?tx_ttnews%5Btt_news%5D=117&cHash=59131903b9d894b640cd73547479d85b	"heidi.buck: ""ES Charity"": 220 Besucher feiern WM-Viertelfinale im Theodor-Rothschild-Haus"	http://www.fryka.de/	dofollow	text	"Fryka Kältetechnik GmbH"	22	10	2015-09-09	3.815d
http://heidi-buck.de/61.html?L=vmiehrqtup&tx_ttnews%5Btt_news%5D=114&cHash=3ba2345d3eda8443cab803bc2de42e56	"heidi.buck: ""ES Charity"": Ein Volltreffer für das Theodor-Rothschild-Haus"	http://www.fryka.de/	dofollow	text	"Fryka Kältetechnik GmbH"	22	11	2015-09-09	3.815d
http://heidi-buck.de/61.html?L=2&tx_ttnews%5Btt_news%5D=114&cHash=8f6f0d1fa6bbf0a9caab031db9012a1a	"heidi.buck: ""ES Charity"": Ein Volltreffer für das Theodor-Rothschild-Haus"	http://www.fryka.de/	dofollow	text	"Fryka Kältetechnik GmbH"	22	11	2015-09-09	3.903d
http://heidi-buck.de/61.html?L=1&tx_ttnews%5Btt_news%5D=117&cHash=003802abd12136161878d724cfe56f85	"heidi.buck: ""ES Charity"": 220 Besucher feiern WM-Viertelfinale im Theodor-Rothschild-Haus"	http://www.fryka.de/	dofollow	text	"Fryka Kältetechnik GmbH"	22	10	2015-09-09	3.815d
http://www.searchdisk.de/DE/Wissenschaft/Produkte-und-Dienstleistungen/Laborausruestung/2668.htm	"Start | Wissenschaft | Produkte und Dienstleistungen | Laborausrüstung"	http://www.fryka.de/	dofollow	text	http://www.fryka.de/	11	171	2015-09-08	3.686d
http://www.searchdisk.de/DE/Wissenschaft/Produkte-und-Dienstleistungen/Laborausruestung/2668.htm	"Start | Wissenschaft | Produkte und Dienstleistungen | Laborausrüstung"	http://www.fryka.de/	dofollow	text	"Fryka-Kältetechnik GmbH"	11	171	2015-09-08	3.686d
http://www.inter.rs/kategorije/World/Deutsch/Wissenschaft/Produkte_und_Dienstleistungen/Laborausr%C3%BCstung/	"Laborausrüstung - World, Deutsch, Wissenschaft, Produkte und Dienstleistungen"	http://www.fryka.de/	dofollow	text	"Fryka-Kältetechnik GmbH"	68	112	2015-09-08	3.669d
http://www.dmoz.org/World/Deutsch/Wissenschaft/Produkte_und_Dienstleistungen/Laborausr%C3%BCstung/	"DMOZ - World: Deutsch: Wissenschaft: Produkte und Dienstleistungen: Laborausrüstung"	http://www.fryka.de/	dofollow	text	"Fryka-Kältetechnik GmbH"	126	104	2015-09-08	3.571d
http://www.companiesgermany.com/Companies/Germany/Esslingen	"Companies in Esslingen. List of all Companies in Esslingen, Germany."	http://fryka.de/	nofollow	text	fryka.de	343	70	2015-09-08	3.893d
http://www.rt164.de/Seiten/show?page_id=30	"Round Table 164 | Die Sponsoren unseres Benefizkonzerts am 17. Januar 2010"	http://www.fryka.de/	dofollow	text	"FRYKA-K�ltetechnik GmbH"	19	22	2015-09-06	3.906d
http://agema-lab.pl/fryka.php	"Agema - biuro handlu zagranicznego"	http://www.fryka.de/en/	dofollow	text	www.fryka.de	15	2	2015-09-05	3.907d
http://analytica-media.de/prj_275/view/?nv=1.1.1&LNG=2&elb=275.1100.1940.1.1111	"analytica Exhibitor Database"	http://www.fryka.de/	dofollow	text	http://www.fryka.de	31	8	2015-09-04	3.908d
http://www.firmen-finden.com/firma/fryka-kaltetechnik-gmbh-esslingen	"Firmen finden : Fryka-Kältetechnik GmbH, Esslingen"	http://www.fryka.de/	dofollow	text	www.fryka.de	83	8	2015-08-29	3.914d
http://www.wicam.com/referencje/?lang=pl	"Referencje | WiCAM GmbH – Technical Software"	http://www.fryka.de/	dofollow	text	"FRYKA-Kältetechnik GmbH"	122	668	2015-08-24	3.573d
http://www.wicam.com/referencje/?lang=pl	"Referencje | WiCAM GmbH – Technical Software"	http://www.fryka.de/	dofollow	text	"FRYKA-Kältetechnik GmbH"	122	668	2015-08-24	3.573d
http://www.heidi-buck.de/61.html?L=blebzuuqrkf&tx_ttnews%5Btt_news%5D=114&cHash=86478973553281c3a0cb85a22f5f1e62	"heidi.buck: ""ES Charity"": Ein Volltreffer für das Theodor-Rothschild-Haus"	http://www.fryka.de/	dofollow	text	"Fryka Kältetechnik GmbH"	23	10	2015-08-18	3.814d
http://www.altresium.com/?c=/World/Deutsch/Wissenschaft/Produkte_und_Dienstleistungen/Laborausrüstung	"Altresium OSI Free Web Directory and Web Indexer : World : Deutsch : Wissenschaft : Produkte_und_Dienstleistungen : Laborausrüstun"	http://www.fryka.de/	dofollow	text	http://www.fryka.de/	28	504	2015-08-18	3.925d
http://www.altresium.com/?c=/World/Deutsch/Wissenschaft/Produkte_und_Dienstleistungen/Laborausrüstung	"Altresium OSI Free Web Directory and Web Indexer : World : Deutsch : Wissenschaft : Produkte_und_Dienstleistungen : Laborausrüstun"	http://www.fryka.de/	dofollow	text	"Fryka-Kältetechnik GmbH"	28	504	2015-08-18	3.925d
http://www.altresium.com/?c=/World/Deutsch/Wissenschaft/Produkte_und_Dienstleistungen/Laborausrüstung	"Altresium OSI Free Web Directory and Web Indexer : World : Deutsch : Wissenschaft : Produkte_und_Dienstleistungen : Laborausrüstun"	http://www.fryka.de/	dofollow	text	n/a	28	504	2015-08-18	3.925d
http://heidi-buck.de/61.html?L=vmiehrqtup&tx_ttnews%5Btt_news%5D=117&cHash=c601783bde20ae12d1ea8393b69b7e16	"heidi.buck: ""ES Charity"": 220 Besucher feiern WM-Viertelfinale im Theodor-Rothschild-Haus"	http://www.fryka.de/	dofollow	text	"Fryka Kältetechnik GmbH"	22	10	2015-08-18	3.815d
http://heidi-buck.de/61.html?L=2&tx_ttnews%5Btt_news%5D=117&cHash=2054acd37a514576449adefeb4da8de9	"heidi.buck: ""ES Charity"": 220 Besucher feiern WM-Viertelfinale im Theodor-Rothschild-Haus"	http://www.fryka.de/	dofollow	text	"Fryka Kältetechnik GmbH"	22	10	2015-08-18	3.815d
http://www.heidi-buck.de/61.html?L=blebzuuqrkf&tx_ttnews%5Btt_news%5D=117&cHash=808823a20c8ad3711eaf7f0b1200cd3b	"heidi.buck: ""ES Charity"": 220 Besucher feiern WM-Viertelfinale im Theodor-Rothschild-Haus"	http://www.fryka.de/	dofollow	text	"Fryka Kältetechnik GmbH"	23	9	2015-08-15	3.814d
http://news.medicalexpo.com/press/fryka-kaltetechnik-gmbh/freezer-ts-100-80-176-c-10-176-c-68530-163743.html	"Freezer TS 100 | -80&#176;C ... -10&#176;C - FRYKA-Kältetechnik GmbH - News and press release"	http://www.fryka.de/en/standard-equipment/upright-freezers/	dofollow	text	"More information"	10	26	2015-08-13	3.930d
http://news.medicalexpo.com/press/fryka-kaltetechnik-gmbh/cold-box-b-35-85-176-c-10-176-c-68530-164160.html	"Cold box B 35 | -85&#176;C ... -10&#176;C - FRYKA-Kältetechnik GmbH - News and press release"	http://www.fryka.de/en/standard-equipment/cold-boxes/	dofollow	text	"More information"	10	26	2015-08-13	3.930d
http://news.medicalexpo.com/press/fryka-kaltetechnik-gmbh/underbench-freezer-tus-100-80-176-c-10-176-c-68530-163003.html	"Underbench freezer TUS 100 | -80&#176;C ... -10&#176;C - FRYKA-Kältetechnik GmbH - News and press release"	http://www.fryka.de/en/standard-equipment/upright-freezers/	dofollow	text	"More information"	10	26	2015-08-11	3.932d
http://www.es-and-friends.de/	"ES&friends - Der Unternehmerverbund in Esslingen - ES and friends"	http://www.fryka.de/	dofollow	text	n/a	9	19	2015-08-07	3.936d
http://www.wicam.com/referenties/?lang=nl	"Referenties | WiCAM GmbH – Technische Software"	http://www.fryka.de/	dofollow	text	"FRYKA-Kältetechnik GmbH"	124	662	2015-08-06	3.573d
http://www.wicam.com/referenties/?lang=nl	"Referenties | WiCAM GmbH – Technische Software"	http://www.fryka.de/	dofollow	text	"FRYKA-Kältetechnik GmbH"	124	662	2015-08-06	3.573d
http://news.directindustry.de/press/fryka-kaltetechnik-gmbh/tiefkuhlunterbauschrank-tus-100-80-176-c-10-176-c-115513-413083.html	"Tiefkühlunterbauschrank TUS 100 | -80&#176;C ... -10&#176;C - FRYKA-Kältetechnik GmbH - News und Pressemitteilungen"	http://www.fryka.de/de/seriengeraete/tiefkuehlschraenke/	dofollow	text	"Mehr Informationen"	10	19	2015-08-06	3.719d
http://news.directindustry.de/press/fryka-kaltetechnik-gmbh/tiefkuhlschrank-ts-100-80-176-c-10-176-c-115513-422646.html	"Tiefkühlschrank TS 100 | -80&#176;C ... -10&#176;C - FRYKA-Kältetechnik GmbH - News und Pressemitteilungen"	http://www.fryka.de/de/seriengeraete/tiefkuehlschraenke/	dofollow	text	"Mehr Informationen"	10	27	2015-08-06	3.673d
http://www.industrystock.it/html/Congelatori/product-result-it-67357-0.html	"Congelatori - 403 Fabbricanti, Commercianti e Fornitor"	http://www.fryka.de/	nofollow	text	www.fryka.de	130	98	2015-08-04	3.938d
http://www.industrystock.it/html/Congelatori/product-result-it-67357-0.html	"Congelatori - 403 Fabbricanti, Commercianti e Fornitor"	http://www.fryka.de/	nofollow	text	n/a	130	98	2015-08-04	3.938d
http://www.industrystock.it/html/Congelatore/product-result-it-117155-0.html	"Congelatore - 64 Fabbricanti, Commercianti e Fornitori"	http://www.fryka.de/	nofollow	text	www.fryka.de	71	124	2015-08-04	3.760d
http://www.maneko.cz/firmy/	"Maneko.cz - Firmy"	http://www.fryka.de/en/	dofollow	text	Fryka	51	132	2015-07-29	2.276d
http://news.directindustry.de/press/fryka-kaltetechnik-gmbh/umlaufkuhler-umwalzkuhler-dlk-402-115513-417733.html	"Umlaufkühler // Umwälzkühler DLK 402 - FRYKA-Kältetechnik GmbH - News und Pressemitteilungen"	http://www.fryka.de/de/seriengeraete/umlaufkuehler/	dofollow	text	"Mehr Informationen"	10	23	2015-07-29	3.677d
http://www.industrystock.it/html/Congelatori/product-result-it-27408-0.html	"Congelatori - 405 Fabbricanti, Commercianti e Fornitori"	http://www.fryka.de/	nofollow	text	www.fryka.de	71	126	2015-07-26	3.671d
http://www.industrystock.it/html/Congelatori/product-result-it-126101-0.html	"Congelatori - 405 Fabbricanti, Commercianti e Fornitori"	http://www.fryka.de/	nofollow	text	www.fryka.de	71	126	2015-07-26	3.665d
http://za.57883.net/alexa/za/?domain=fryka.de	"★ -- ★ fryka.de global variable ranking"	http://fryka.de/	dofollow	text	fryka.de	47	9	2015-07-23	3.709d
http://news.medicalexpo.fr/press/fryka-kaltetechnik-gmbh/solides-totaux-100-congelateur-80-c-10-c-68530-163743.html	"SOLIDES TOTAUX 100 de congélateur | -80°C? -10°C - FRYKA-Kältetechnik GmbH - News et communiqués de press"	http://www.fryka.de/en/standard-equipment/upright-freezers/	dofollow	text	"Plus d'information"	10	26	2015-07-23	3.951d
http://news.medicalexpo.fr/press/fryka-kaltetechnik-gmbh/boite-froide-b-35-85-c-10-c-68530-164160.html	"Boîte froide B 35 | -85°C? -10°C - FRYKA-Kältetechnik GmbH - News et communiqués de press"	http://www.fryka.de/en/standard-equipment/cold-boxes/	dofollow	text	"Plus d'information"	10	26	2015-07-23	3.951d
http://ozusivetaso.000space.com/t-k-immersion-heater.php	"t k immersion heate"	http://www.fryka.de/en/standard-equipment/immersion-cooler/	dofollow	text	"FRYKA immersion cooler - Immersion coolers without or with ..."	19	454	2015-07-21	3.953d
http://www.industrystock.com.br/html/Refrigerador/product-result-pt-23640-0.html	"Refrigerador - 248 Fabricantes, Comerciantes e Fornecedores"	http://www.fryka.de/	nofollow	text	www.fryka.de	177	101	2015-07-20	3.893d
http://www.handwerk-und-industrie.de/firma/72231	"Fryka-Kältetechnik GmbH: Heizung, Klima und Lüftung in Esslingen am Necka"	http://www.fryka.de/	nofollow	text	http://www.fryka.de	79	5	2015-07-19	3.955d
http://www.bsuch.de/DetailedTechnik/260518.html	"fryka-kältetechnik esslingen: ultratiefkühlgeräte, tiefkühlgeräte, laborkühlgeräte, umlaufkü Server u. Techni"	http://www.fryka.de/	dofollow	text	"fryka-kältetechnik esslingen: ultratiefkühlgeräte, tiefkühlgeräte, laborkühlgeräte, umlaufkü"	29	2	2015-07-18	3.956d
http://www.bsuch.de/DetailedTechnik/260518.html	"fryka-kältetechnik esslingen: ultratiefkühlgeräte, tiefkühlgeräte, laborkühlgeräte, umlaufkü Server u. Techni"	http://www.fryka.de/	dofollow	text	n/a	29	2	2015-07-18	3.956d
http://www.wicam.com/references-2/?lang=en	"References | WiCAM GmbH – Technical Software"	http://www.fryka.de/	dofollow	text	"FRYKA-Kältetechnik GmbH"	127	666	2015-07-17	3.573d
http://www.wicam.com/references-2/?lang=en	"References | WiCAM GmbH – Technical Software"	http://www.fryka.de/	dofollow	text	"FRYKA-Kältetechnik GmbH"	127	666	2015-07-17	3.573d
http://www.wicam.com/referenzen/	"Referenzen | WiCAM GmbH - Technische Software"	http://www.fryka.de/	dofollow	text	"FRYKA-Kältetechnik GmbH"	127	670	2015-07-16	2.956d
http://www.wicam.com/referenzen/	"Referenzen | WiCAM GmbH - Technische Software"	http://www.fryka.de/	dofollow	text	"FRYKA-Kältetechnik GmbH"	127	670	2015-07-16	2.956d
http://www.chemie.de/tiefkuehltruhen.html	"Tiefkühltruhen - chemie.d"	http://www.fryka.de/de/downloads/	dofollow	text	mehr	95	47	2015-07-16	3.958d
http://www.chemie.de/tiefkuehltruhen.html	"Tiefkühltruhen - chemie.d"	http://www.fryka.de/de/downloads/	dofollow	text	"FRYKA Kältetechnik - Esslingen -- kostenloser Download, Technische Daten, Durchlaufkühler, Kältetech"	95	47	2015-07-16	3.958d
http://www.cash42.de/thema/Durchlauf.html	"Links und News zum Thema Durchlauf"	http://www.fryka.de/	nofollow	text	http://www.fryka.de/	38	35	2015-07-16	3.691d
http://www.bsuch.de/DetailedAnalyse/260518.html	"fryka-kältetechnik esslingen: ultratiefkühlgeräte, tiefkühlgeräte, laborkühlgeräte, umlaufküAnalys"	http://www.fryka.de/	dofollow	text	"fryka-kältetechnik esslingen: ultratiefkühlgeräte, tiefkühlgeräte, laborkühlgeräte, umlaufkü"	33	2	2015-07-14	3.960d
http://www.bsuch.de/DetailedAnalyse/260518.html	"fryka-kältetechnik esslingen: ultratiefkühlgeräte, tiefkühlgeräte, laborkühlgeräte, umlaufküAnalys"	http://www.fryka.de/	dofollow	text	n/a	33	2	2015-07-14	3.960d
http://www.bioregio-stern.de/en/offer/corporate-database/fryka-kaeltetechnik-gmbh	"FRYKA Kältetechnik GmbH | BioRegio STERN | Thinking business forward"	http://www.fryka.de/	dofollow	text	http://www.fryka.de	25	6	2015-06-11	3.880d
https://www.wlw.de/treffer/kaeltetechnik-kaeltetechnische-maschinen-und-anlagen.html	"Kältetechnik (kältetechnische Maschinen und Anlagen) (Techniken, Kühlanlage): Lieferanten auf wlw.d"	http://www.fryka.de/	dofollow	text	www.fryka.de	388	206	2015-06-10	3.994d
https://www.wlw.de/treffer/kaeltetechnik-kaeltetechnische-maschinen-und-anlagen.html	"Kältetechnik (kältetechnische Maschinen und Anlagen) (Techniken, Kühlanlage): Lieferanten auf wlw.d"	http://www.fryka.de/	dofollow	text	n/a	388	206	2015-06-10	3.994d
http://salitec.no/miljotesting/frysere/	"Frysere : Salitec A"	http://www.fryka.de/en/	dofollow	text	"Besøk vår leverandør"	35	8	2015-06-09	3.995d
http://cz.57883.net/alexa/cz/?domain=fryka.de	"★ Alexa internetových stránkách hodnocení ★fryka.de globální proměnná žebříček ★ internetových stránkách hodnocení ★ fryka.de globální proměnná žebříček"	http://fryka.de/	dofollow	text	fryka.de	46	10	2015-06-09	3.582d
http://au.57883.net/alexa/au/?domain=fryka.de	"★ website ranking alexa ★ website ranking ★ fryka.de global variable ranking ★ fryka.de ranking"	http://fryka.de/	dofollow	text	fryka.de	47	9	2015-06-03	3.752d
http://au.57883.net/alexa/au/?domain=fryka.de	"★ website ranking alexa ★ website ranking ★ fryka.de global variable ranking ★ fryka.de ranking"	http://fryka.de/	dofollow	text	fryka.de	47	9	2015-06-03	3.752d
http://www.bsuch.de/Detailed/260518.html	"fryka-kältetechnik esslingen: ultratiefkühlgeräte, tiefkühlgeräte, laborkühlgeräte, umlaufk"	http://www.fryka.de/	dofollow	text	"fryka-kältetechnik esslingen: ultratiefkühlgeräte, tiefkühlgeräte, laborkühlgeräte, umlaufkü"	73	2	2015-06-02	4.002d
http://www.bsuch.de/Detailed/260518.html	"fryka-kältetechnik esslingen: ultratiefkühlgeräte, tiefkühlgeräte, laborkühlgeräte, umlaufk"	http://www.fryka.de/	dofollow	text	n/a	73	2	2015-06-02	4.002d
http://news.directindustry.it/press/fryka-kaltetechnik-gmbh/st-100-congelatore-80-c-10-c-115513-422646.html	"ST 100 del congelatore | -80°C? -10°C - FRYKA-Kältetechnik GmbH - News e comunicati stampa"	http://www.fryka.de/en/standard-equipment/upright-freezers/	dofollow	text	"Maggiori informazioni"	10	19	2015-06-02	3.890d
http://directory.coozila.com/?c=/World/Deutsch/Wissenschaft/Produkte_und_Dienstleistungen/Laborausrüstung	"Coozila! Directory : World : Deutsch : Wissenschaft : Produkte_und_Dienstleistungen : Laborausrüstun"	http://www.fryka.de/	nofollow	text	"Fryka-Kältetechnik GmbH"	15	206	2015-06-01	4.003d
http://directory.coozila.com/?c=/World/Deutsch/Wissenschaft/Produkte_und_Dienstleistungen/Laborausrüstung	"Coozila! Directory : World : Deutsch : Wissenschaft : Produkte_und_Dienstleistungen : Laborausrüstun"	http://www.fryka.de/	nofollow	text	n/a	15	206	2015-06-01	4.003d
http://cu.57883.net/alexa/cu/?domain=dialims.com	"★-- ★ dialims.com rango variable globa"	http://www.fryka.de/	dofollow	text	http://www.fryka.de/	56	19	2015-05-31	4.004d
http://au.57883.net/alexa/au/?domain=czt.de	"★ website ranking alexa ★ Chromatographie Zubehör Trott (CZT) website ranking ★ czt.de global variable ranking ★ czt.de rankin"	http://www.fryka.de/	dofollow	text	http://www.fryka.de/	67	19	2015-05-31	4.004d
http://www.industrystock.ru/html/product-service-ru-157483-0.html	"лабораторные холодильники глубокой заморозки - 23 Производитель, дистрибьютер, поставщи"	http://www.fryka.de/	nofollow	text	www.fryka.de	115	77	2015-05-21	4.014d
http://www.industrystock.ru/html/product-service-ru-157483-0.html	"лабораторные холодильники глубокой заморозки - 23 Производитель, дистрибьютер, поставщи"	http://www.fryka.de/	nofollow	text	n/a	115	77	2015-05-21	4.014d
http://www.labo.de/firma/fryka-kaeltetechnik-gmbh.wihtm	"Fryka-Kältetechnik Gmb"	http://www.fryka.de/	dofollow	text	www.fryka.de	82	1	2015-05-20	4.015d
http://za.57883.net/alexa/za/?domain=dialims.com	"★ -- ★ dialims.com global variable rankin"	http://www.fryka.de/	dofollow	text	http://www.fryka.de/	67	19	2015-05-17	4.018d
http://za.57883.net/alexa/za/?domain=csonkaglas.hu	"★ -- ★ csonkaglas.hu global variable rankin"	http://www.fryka.de/	dofollow	text	http://www.fryka.de/	67	19	2015-05-17	4.018d
http://www.nonecks.de/tiefkuehlgeraete.php	Tiefk�hlger�te	http://www.fryka.de/de/tiefkuehlgeraete.html	dofollow	text	"Tiefk�hltruhe, Tiefk�hlbox und Tiefk�hlschrank von FRYKA ..."	22	37	2015-05-15	4.020d
http://alexa.xkmb.net/?domain=metrohm.de	"Deutsche Metrohm GmbH & Co.[metrohm.de]��Alexa��վ������������������ҳ���������"	http://www.fryka.de/	dofollow	text	http://www.fryka.de/	49	17	2015-05-10	4.025d
http://news.directindustry.it/press/fryka-kaltetechnik-gmbh/dispositivo-raffreddamento-circolante-dlk-402-115513-417733.html	"Dispositivo di raffreddamento circolante DLK 402 - FRYKA-K�ltetechnik GmbH - News e comunicati stamp"	http://www.fryka.de/en/standard-equipment/circulating-coolers/	dofollow	text	"Maggiori informazioni"	10	15	2015-05-07	4.028d
http://cz.57883.net/alexa/cz/?domain=czt.de	"★ Alexa internetových stránkách hodnocení ★czt.de globální proměnná žebříček ★ Chromatographie Zubehör Trott (CZT) internetových stránkách hodnocení ★ czt.de globální proměnná žebříče"	http://www.fryka.de/	dofollow	text	http://www.fryka.de/	66	19	2015-05-05	4.030d
http://au.57883.net/alexa/au/?domain=dialims.com	"★ website ranking alexa ★ website ranking ★ dialims.com global variable ranking ★ dialims.com rankin"	http://www.fryka.de/	dofollow	text	http://www.fryka.de/	67	19	2015-05-05	4.030d
http://www.medicalexpo.it/prod/fryka-kaltetechnik-gmbh-68530.html	"FRYKA-K�ltetechnik GmbH: Laboratorio - MedicalExp"	http://www.fryka.de/	dofollow	text	n/a	31	9	2015-05-04	4.031d
http://www.medicalexpo.fr/prod/fryka-kaltetechnik-gmbh-68530.html	"FRYKA-K�ltetechnik GmbH : Le Laboratoire - MedicalExp"	http://www.fryka.de/	dofollow	text	n/a	32	9	2015-05-04	4.031d
http://www.download.fm/index.php/World/Deutsch/Wissenschaft/Produkte_und_Dienstleistungen/Laborausr%FCstung/	"World Deutsch Wissenschaft Produkte und Dienstleistungen Laborausr�stung Download Director"	http://www.fryka.de/	nofollow	text	"Fryka-K�ltetechnik GmbH"	10	60	2015-05-03	4.032d
http://www.industrystock.com/html/Immersion%20coolers/product-result-uk-174463-0.html	"Immersion coolers (Immersion cooler) - 14 Manufacturers, suppliers & dealer"	http://www.fryka.de/	dofollow	text	www.fryka.de	79	59	2015-05-01	4.034d
http://www.industrystock.com/html/Immersion%20coolers/product-result-uk-174463-0.html	"Immersion coolers (Immersion cooler) - 14 Manufacturers, suppliers & dealer"	http://www.fryka.de/	dofollow	text	n/a	79	59	2015-05-01	4.034d
http://www.industrystock.com.br/html/Refrigera%C3%A7%C3%A3o%20a%20seco/product-result-pt-28168-0.html	"Refrigeração a seco - 15 Fabricante, abastecedore e comerciant"	http://www.fryka.de/	dofollow	text	www.fryka.de	84	62	2015-05-01	4.034d
http://www.industrystock.com.br/html/Refrigera%C3%A7%C3%A3o%20a%20seco/product-result-pt-28168-0.html	"Refrigeração a seco - 15 Fabricante, abastecedore e comerciant"	http://www.fryka.de/	dofollow	text	n/a	84	62	2015-05-01	4.034d
http://www.directindustry.de/messen/frykakaeltetechnik-gmbh-115513.html	"Achema 2015 - FRYKA-K�ltetechnik GmbH - Industriemesse"	http://www.fryka.de/	dofollow	text	"FRYKA-K�ltetechnik GmbH"	17	8	2015-05-01	4.034d
http://www.bionity.com/en/immersion-coolers.html	"Immersion Coolers - Products, news, whitepaper, companies, specialist informatio"	http://www.fryka.de/en/downloads/	dofollow	text	more	104	42	2015-05-01	4.034d
http://www.bionity.com/en/immersion-coolers.html	"Immersion Coolers - Products, news, whitepaper, companies, specialist informatio"	http://www.fryka.de/en/downloads/	dofollow	text	"FRYKA cooling technology - Esslingen -- free download, technical data, freezers, coolers, pumps, col"	104	42	2015-05-01	4.034d
http://news.medicalexpo.fr/press/fryka-kaltetechnik-gmbh/refroidisseur-circulation-dlk-402-68530-165005.html	"Refroidisseur � circulation DLK 402 - FRYKA-K�ltetechnik GmbH - News et communiqu�s de press"	http://www.fryka.de/en/standard-equipment/circulating-coolers/	dofollow	text	"Plus d'information"	10	20	2015-05-01	4.034d
http://www.industrystock.com/html/Laboratory%20freezers/product-result-uk-157483-0.html	"Laboratory freezers (Laboratory fridges) - 23 Manufacturers, suppliers & dealer"	http://www.fryka.de/	dofollow	text	www.fryka.de	116	80	2015-04-30	4.035d
http://www.industrystock.com/html/Laboratory%20freezers/product-result-uk-157483-0.html	"Laboratory freezers (Laboratory fridges) - 23 Manufacturers, suppliers & dealer"	http://www.fryka.de/	dofollow	text	n/a	116	80	2015-04-30	4.035d
http://www.industrystock.jp/html/product-service-jp-157483-0.html	"実験室用冷凍庫 - 22 製造業者、納入業者、販売業"	http://www.fryka.de/	dofollow	text	www.fryka.de	113	168	2015-03-26	4.070d
http://www.industrystock.jp/html/product-service-jp-157483-0.html	"実験室用冷凍庫 - 22 製造業者、納入業者、販売業"	http://www.fryka.de/	dofollow	text	"Fryka Kältetechnik GmbH"	113	168	2015-03-26	4.070d
http://www.industrystock.it/html/Impianti%20di%20raffreddamento%20a%20secco/product-result-it-28168-0.html	"Impianti di raffreddamento a secco - 15 produttori, fornitori e venditor"	http://www.fryka.de/	dofollow	text	www.fryka.de	85	131	2015-03-26	4.070d
http://www.industrystock.it/html/Impianti%20di%20raffreddamento%20a%20secco/product-result-it-28168-0.html	"Impianti di raffreddamento a secco - 15 produttori, fornitori e venditor"	http://www.fryka.de/	dofollow	text	"Fryka Kältetechnik GmbH"	85	131	2015-03-26	4.070d
http://www.industrystock.hu/html/%C3%81tfoly%C3%A1sos%20h%C5%B1t%C5%91/product-result-hu-10619-0.html	"Átfolyásos hűtő - 21 Gyártók, beszállítók és kereskedő"	http://www.fryka.de/	dofollow	text	www.fryka.de	109	155	2015-03-24	4.072d
http://www.industrystock.hu/html/%C3%81tfoly%C3%A1sos%20h%C5%B1t%C5%91/product-result-hu-10619-0.html	"Átfolyásos hűtő - 21 Gyártók, beszállítók és kereskedő"	http://www.fryka.de/	dofollow	text	"Fryka Kältetechnik GmbH"	109	155	2015-03-24	4.072d
http://news.directindustry.fr/press/fryka-kaltetechnik-gmbh/congelateur-tus-100-underbench-80-c-10-c-115513-413083.html	"Congélateur TUS 100 d'Underbench | -80°C? -10°C - FRYKA-Kältetechnik GmbH - News et communiqués de presse"	http://www.fryka.de/en/standard-equipment/upright-freezers/	dofollow	text	"Plus d'informations"	10	19	2015-03-24	3.912d
http://news.directindustry.fr/press/fryka-kaltetechnik-gmbh/boite-froide-b-35-85-c-10-c-115513-421096.html	"Bo�te froide B 35 | -85�C? -10�C - FRYKA-K�ltetechnik GmbH - News et communiqu�s de press"	http://www.fryka.de/en/standard-equipment/cold-boxes/	dofollow	text	"Plus d'informations"	10	20	2015-03-23	4.073d
http://www.industrystock.com.tr/html/Laboratuvar%20derin%20buzdolaplar%C4%B1/product-result-tr-157483-0.html	"Laboratuvar derin buzdolapları - 22 Üreticiler ve satıcıla"	http://www.fryka.de/	dofollow	text	www.fryka.de	113	170	2015-03-21	4.075d
http://www.industrystock.com.tr/html/Laboratuvar%20derin%20buzdolaplar%C4%B1/product-result-tr-157483-0.html	"Laboratuvar derin buzdolapları - 22 Üreticiler ve satıcıla"	http://www.fryka.de/	dofollow	text	"Fryka Kältetechnik GmbH"	113	170	2015-03-21	4.075d
http://www.industrystock.com.tr/html/Kuru%20so%C4%9Futucular/product-result-tr-28168-0.html	"Kuru soğutucular - 29 Üreticiler ve satıcıla"	http://www.fryka.de/	dofollow	text	www.fryka.de	141	196	2015-03-21	4.075d
http://www.industrystock.com.tr/html/Kuru%20so%C4%9Futucular/product-result-tr-28168-0.html	"Kuru soğutucular - 29 Üreticiler ve satıcıla"	http://www.fryka.de/	dofollow	text	"Fryka Kältetechnik GmbH"	141	196	2015-03-21	4.075d
http://www.industrystock.hu/html/Labor%20m%C3%A9lyh%C5%B1t%C5%91%20szekr%C3%A9nyek/product-result-hu-157483-0.html	"Labor mélyhűtő szekrények - 22 Gyártók, beszállítók és kereskedő"	http://www.fryka.de/	dofollow	text	www.fryka.de	113	168	2015-03-18	4.078d
http://www.industrystock.hu/html/Labor%20m%C3%A9lyh%C5%B1t%C5%91%20szekr%C3%A9nyek/product-result-hu-157483-0.html	"Labor mélyhűtő szekrények - 22 Gyártók, beszállítók és kereskedő"	http://www.fryka.de/	dofollow	text	"Fryka Kältetechnik GmbH"	113	168	2015-03-18	4.078d
http://www.sasoma.de/kaeltetechnik.php	K�ltetechnik	http://www.fryka.de/	dofollow	text	"FRYKA - Esslingen -- Fryka, K?ltetechnik, Tiefk?hlger?te, ..."	27	27	2015-03-17	4.079d
http://news.medicalexpo.it/press/fryka-kaltetechnik-gmbh/dispositivo-raffreddamento-circolazione-dlk-402-68530-165005.html	"Dispositivo di raffreddamento di circolazione DLK 402 - FRYKA-K�ltetechnik GmbH - News e comunicati stamp"	http://www.fryka.de/en/standard-equipment/circulating-coolers/	dofollow	text	"Maggiori informazioni"	10	27	2015-03-16	4.080d
http://news.medicalexpo.it/press/fryka-kaltetechnik-gmbh/congelatore-tus-100-underbench-80-c-10-c-68530-163003.html	"Congelatore TUS 100 di Underbench | -80°C? -10°C - FRYKA-Kältetechnik GmbH - News e comunicati stamp"	http://www.fryka.de/en/standard-equipment/upright-freezers/	dofollow	text	"Maggiori informazioni"	10	26	2015-03-16	3.946d
http://news.medicalexpo.it/press/fryka-kaltetechnik-gmbh/st-100-congelatore-80-c-10-c-68530-163743.html	"ST 100 del congelatore | -80°C? -10°C - FRYKA-Kältetechnik GmbH - News e comunicati stampa"	http://www.fryka.de/en/standard-equipment/upright-freezers/	dofollow	text	"Maggiori informazioni"	10	23	2015-03-14	3.795d
http://www.medicalexpo.it/fiere/frykakaltetechnik-gmbh-68530.html	"Achema 2015 - FRYKA-K�ltetechnik GmbH - Fiere/Saloni professional"	http://www.fryka.de/	dofollow	text	"FRYKA-K�ltetechnik GmbH"	14	13	2015-03-13	4.083d
http://www.medicalexpo.de/messen/frykakaeltetechnik-gmbh-68530.html	"Achema 2015 - FRYKA-K�ltetechnik GmbH - Messe"	http://www.fryka.de/	dofollow	text	"FRYKA-K�ltetechnik GmbH"	15	13	2015-03-13	4.083d
http://www.download.fm/index.php/World/Deutsch/Wissenschaft/Produkte_und_Dienstleistungen/Laborausr%fcstung/	"World Deutsch Wissenschaft Produkte und Dienstleistungen Laborausr�stung Download Director"	http://www.fryka.de/	nofollow	text	"Fryka-K�ltetechnik GmbH"	11	60	2015-03-12	4.084d
http://news.medicalexpo.de/press/fryka-kaltetechnik-gmbh/tiefkuhlbox-b-35-85-c-10-c-68530-164160.html	"Tiefk�hlbox B 35 | -85�C ... -10�C - FRYKA-K�ltetechnik GmbH - News und Pressemitteilunge"	http://www.fryka.de/de/seriengeraete/tiefkuehlboxen/	dofollow	text	"Mehr Informationen"	10	26	2015-03-12	4.084d
http://www.industrystock.hu/html/H%C5%B1t%C5%91sz%C3%A1r%C3%ADt%C3%B3k/product-result-hu-28168-0.html	"Hűtőszárítók - 15 Gyártók, beszállítók és kereskedő"	http://www.fryka.de/	dofollow	text	www.fryka.de	85	133	2015-03-11	4.085d
http://www.industrystock.hu/html/H%C5%B1t%C5%91sz%C3%A1r%C3%ADt%C3%B3k/product-result-hu-28168-0.html	"Hűtőszárítók - 15 Gyártók, beszállítók és kereskedő"	http://www.fryka.de/	dofollow	text	"Fryka Kältetechnik GmbH"	85	133	2015-03-11	4.085d
http://www.industrystock.fr/html/Cong%C3%A9lateurs%20de%20laboratoire/product-result-fr-67930-0.html	"Congélateurs de laboratoire - 24 Producteurs, fournisseurs et vendeur"	http://www.fryka.de/	dofollow	text	www.fryka.de	121	178	2015-03-08	4.088d
http://www.industrystock.fr/html/Cong%C3%A9lateurs%20de%20laboratoire/product-result-fr-67930-0.html	"Congélateurs de laboratoire - 24 Producteurs, fournisseurs et vendeur"	http://www.fryka.de/	dofollow	text	"Fryka Kältetechnik GmbH"	121	178	2015-03-08	4.088d
http://www.industrystock.fr/html/Cong%C3%A9lateurs%20de%20laboratoire%20%28armoires%29/product-result-fr-157483-0.html	"Congélateurs de laboratoire (armoires) - 22 Producteurs, fournisseurs et vendeur"	http://www.fryka.de/	dofollow	text	www.fryka.de	113	170	2015-03-08	4.088d
http://www.industrystock.fr/html/Cong%C3%A9lateurs%20de%20laboratoire%20%28armoires%29/product-result-fr-157483-0.html	"Congélateurs de laboratoire (armoires) - 22 Producteurs, fournisseurs et vendeur"	http://www.fryka.de/	dofollow	text	"Fryka Kältetechnik GmbH"	113	170	2015-03-08	4.088d
http://www.industrystock.es/html/Enfriamiento%20de%20secado/product-result-es-28168-0.html	"Enfriamiento de secado - 21 fabricantes, proveedores y distribuidore"	http://www.fryka.de/	dofollow	text	www.fryka.de	109	158	2015-03-08	4.088d
http://www.industrystock.es/html/Enfriamiento%20de%20secado/product-result-es-28168-0.html	"Enfriamiento de secado - 21 fabricantes, proveedores y distribuidore"	http://www.fryka.de/	dofollow	text	"Fryka Kältetechnik GmbH"	109	158	2015-03-08	4.088d
http://www.bionity.com/de/kaeltethermostate.html	"Kältethermostate - bionity.co"	http://www.fryka.de/de/downloads/	dofollow	text	mehr	107	52	2015-03-08	4.088d
http://www.bionity.com/de/kaeltethermostate.html	"Kältethermostate - bionity.co"	http://www.fryka.de/de/downloads/	dofollow	text	"FRYKA Kältetechnik - Esslingen -- kostenloser Download, Technische Daten, Durchlaufkühler, Kältetech"	107	52	2015-03-08	4.088d
http://www.metall-haug.de/links.php	"Sonderanfertigungen | Prototypen | Rohre & Bleche | Metall Hau"	http://www.fryka.de/	dofollow	text	n/a	55	31	2015-03-07	4.089d
https://www.wlw.de/treffer/laborthermostate.html	"Laborthermostate: Lieferanten auf wlw.d"	http://www.fryka.de/seriengeraete/kaeltebaeder/	dofollow	text	www.fryka.de/seriengeraete/kaelteba...	129	63	2015-03-06	4.090d
https://www.wlw.de/treffer/laborthermostate.html	"Laborthermostate: Lieferanten auf wlw.d"	http://www.fryka.de/seriengeraete/kaeltebaeder/	dofollow	text	www.fryka.de/seriengeraete/kaelteba...	129	63	2015-03-06	4.090d
https://www.wlw.de/treffer/laborthermostate.html	"Laborthermostate: Lieferanten auf wlw.d"	http://www.fryka.de/seriengeraete/kaeltebaeder/	dofollow	text	"Fryka-Kältetechnik GmbH"	129	63	2015-03-06	4.090d
http://news.directindustry.fr/press/fryka-kaltetechnik-gmbh/solides-totaux-100-congelateur-80-c-10-c-115513-422646.html	"SOLIDES TOTAUX 100 de cong�lateur | -80�C? -10�C - FRYKA-K�ltetechnik GmbH - News et communiqu�s de press"	http://www.fryka.de/en/standard-equipment/upright-freezers/	dofollow	text	"Plus d'informations"	10	24	2015-03-06	4.090d
http://www.industrystock.com.tr/html/Su%20so%C4%9Futma/product-result-tr-42848-0.html	"Su soğutma - 108 Üreticiler ve satıcıla"	http://www.fryka.de/	dofollow	text	www.fryka.de	153	205	2015-03-04	4.092d
http://www.industrystock.com.tr/html/Su%20so%C4%9Futma/product-result-tr-42848-0.html	"Su soğutma - 108 Üreticiler ve satıcıla"	http://www.fryka.de/	dofollow	text	"Fryka Kältetechnik GmbH"	153	205	2015-03-04	4.092d
http://cabacas.com/kaeltetechnik	kältetechnik	http://www.fryka.de/	dofollow	text	"kältetechnik | FRYKA Kältetechnik - Esslingen -- Fryka, Kältetechnik ..."	17	50	2015-03-02	2.557d
http://www.industrystock.net/html/Through-flow%20coolers/product-result-uk-10619-0.html	"Through-flow coolers (Continuous-flow coolers) - 21 Manufacturers, suppliers & dealer"	http://www.fryka.de/	dofollow	text	www.fryka.de	31	235	2015-03-01	4.095d
http://www.industrystock.net/html/Through-flow%20coolers/product-result-uk-10619-0.html	"Through-flow coolers (Continuous-flow coolers) - 21 Manufacturers, suppliers & dealer"	http://www.fryka.de/	dofollow	text	"Fryka Kältetechnik GmbH"	31	235	2015-03-01	4.095d
http://th.57883.net/alexa/th/?domain=gmp-sampling.com	"★การจัดอันดับเว็บไซต์ Alexa ★ gmp-sampling.com การจัดอันดับตัวแปรทั่วโลก★ การจัดอันดับเว็บไซต์ ★ gmp-sampling.comการจัดอันดับตัวแปรทั่วโล"	http://www.fryka.de/	dofollow	text	http://www.fryka.de/	58	24	2015-03-01	4.095d
http://th.57883.net/alexa/th/?domain=gala-instrumente.de	"★การจัดอันดับเว็บไซต์ Alexa ★ gala-instrumente.de การจัดอันดับตัวแปรทั่วโลก★ GaLa Gabler Labor Instrumente Handels GmbH การจัดอันดับเว็บไซต์ ★ gala-instrumente.deการจัดอันดับตัวแปรทั่วโล"	http://www.fryka.de/	dofollow	text	http://www.fryka.de/	58	24	2015-03-01	4.095d
http://th.57883.net/alexa/th/?domain=fryka.de	"★การจัดอันดับเว็บไซต์ Alexa ★ fryka.de การจัดอันดับตัวแปรทั่วโลก★ การจัดอันดับเว็บไซต์ ★ fryka.deการจัดอันดับตัวแปรทั่วโลก"	http://fryka.de/	dofollow	text	fryka.de	45	9	2015-03-01	3.639d
http://news.directindustry.it/press/fryka-kaltetechnik-gmbh/congelatore-tus-100-underbench-80-c-10-c-115513-413083.html	"Congelatore TUS 100 di Underbench | -80�C? -10�C - FRYKA-K�ltetechnik GmbH - News e comunicati stamp"	http://www.fryka.de/en/standard-equipment/upright-freezers/	dofollow	text	"Maggiori informazioni"	10	13	2015-02-13	4.025d
http://www.industrystock.de/html/K%C3%BChlung/product-result-de-57151-0.html	"Kühlung (Kühlungen / Kühlen) - 232 Hersteller, Zulieferer & Händle"	http://www.fryka.de/	dofollow	text	www.fryka.de	155	225	2014-12-14	4.172d
http://www.industrystock.de/html/K%C3%BChlung/product-result-de-57151-0.html	"Kühlung (Kühlungen / Kühlen) - 232 Hersteller, Zulieferer & Händle"	http://www.fryka.de/	dofollow	text	"Fryka Kältetechnik GmbH"	155	225	2014-12-14	4.172d
http://th.57883.net/alexa/th/?domain=glasblaeserei-heinz.de	"★การจัดอันดับเว็บไซต์ Alexa ★ glasblaeserei-heinz.de การจัดอันดับตัวแปรทั่วโลก★ Heinz Glasbläserei - Laborfachhandel การจัดอันดับเว็บไซต์ ★ glasblaeserei-heinz.deการจัดอันดับตัวแปรทั่วโล"	http://www.fryka.de/	dofollow	text	http://www.fryka.de/	58	24	2014-11-27	4.095d
http://th.57883.net/alexa/th/?domain=gheinemann.de	"★การจัดอันดับเว็บไซต์ Alexa ★ gheinemann.de การจัดอันดับตัวแปรทั่วโลก★ G.Heinemann การจัดอันดับเว็บไซต์ ★ gheinemann.deการจัดอันดับตัวแปรทั่วโล"	http://www.fryka.de/	dofollow	text	http://www.fryka.de/	58	24	2014-11-27	4.189d
http://news.medicalexpo.de/press/fryka-kaltetechnik-gmbh/tiefkuhlunterbauschrank-tus-100-80-c-10-c-68530-163003.html	"Tiefk�hlunterbauschrank TUS 100 | -80�C ... -10�C - FRYKA-K�ltetechnik GmbH - News und Pressemitteilunge"	http://www.fryka.de/de/seriengeraete/tiefkuehlschraenke/	dofollow	text	"Mehr Informationen"	10	25	2014-11-23	4.072d
http://news.medicalexpo.de/press/fryka-kaltetechnik-gmbh/tiefkuhlschrank-ts-100-80-c-10-c-68530-163743.html	"Tiefk�hlschrank TS 100 | -80�C ... -10�C - FRYKA-K�ltetechnik GmbH - News und Pressemitteilunge"	http://www.fryka.de/de/seriengeraete/tiefkuehlschraenke/	dofollow	text	"Mehr Informationen"	9	26	2014-11-23	4.193d
http://news.directindustry.it/press/fryka-kaltetechnik-gmbh/scatola-fredda-b-35-85-c-10-c-115513-421096.html	"Scatola fredda B 35 | -85�C? -10�C - FRYKA-K�ltetechnik GmbH - News e comunicati stamp"	http://www.fryka.de/en/standard-equipment/cold-boxes/	dofollow	text	"Maggiori informazioni"	10	24	2014-11-23	4.103d
http://news.directindustry.de/press/fryka-kaltetechnik-gmbh/tiefkuhlschrank-ts-100-80-c-10-c-115513-422646.html	"Tiefk�hlschrank TS 100 | -80�C ... -10�C - FRYKA-K�ltetechnik GmbH - News und Pressemitteilunge"	http://www.fryka.de/de/seriengeraete/tiefkuehlschraenke/	dofollow	text	"Mehr Informationen"	10	13	2014-11-22	4.028d
http://www.industrystock.fr/html/Cellules%20de%20cong%C3%A9lation/product-result-fr-16391-0.html	"Cellules de congélation - 74 Producteurs, fournisseurs et vendeur"	http://www.fryka.de/	dofollow	text	www.fryka.de	151	205	2014-11-21	4.195d
http://www.industrystock.fr/html/Cellules%20de%20cong%C3%A9lation/product-result-fr-16391-0.html	"Cellules de congélation - 74 Producteurs, fournisseurs et vendeur"	http://www.fryka.de/	dofollow	text	"Fryka Kältetechnik GmbH"	151	205	2014-11-21	4.195d
http://seiten-verzeichnis.de/wissenschaft/produkte_und_dienstleistungen/laborausrüstung/		http://www.fryka.de/	nofollow	text	"Fryka-Kältetechnik GmbH"	6	97	2014-11-20	3.671d
http://news.directindustry.fr/press/fryka-kaltetechnik-gmbh/refroidisseur-circulation-dlk-402-115513-417733.html	"Refroidisseur � circulation DLK 402 - FRYKA-K�ltetechnik GmbH - News et communiqu�s de press"	http://www.fryka.de/en/standard-equipment/circulating-coolers/	dofollow	text	"Plus d'informations"	10	15	2014-11-20	4.031d
http://news.directindustry.de/press/fryka-kaltetechnik-gmbh/tiefkuhlbox-b-35-85-c-10-c-115513-421096.html	"Tiefk�hlbox B 35 | -85�C ... -10�C - FRYKA-K�ltetechnik GmbH - News und Pressemitteilunge"	http://www.fryka.de/de/seriengeraete/tiefkuehlboxen/	dofollow	text	"Mehr Informationen"	10	24	2014-11-03	4.213d
http://www.industrystock.pl/html/Spr%C4%99%C5%BCarki%20ch%C5%82odnicze/product-result-pl-67717-0.html	"Sprężarki chłodnicze (Kompresy chłodzące / Kompresy z lodu) - 43 Producenci, Dostawcy, Dystrybutorz"	http://www.fryka.de/	dofollow	text	www.fryka.de	149	197	2014-11-01	4.215d
http://www.industrystock.pl/html/Spr%C4%99%C5%BCarki%20ch%C5%82odnicze/product-result-pl-67717-0.html	"Sprężarki chłodnicze (Kompresy chłodzące / Kompresy z lodu) - 43 Producenci, Dostawcy, Dystrybutorz"	http://www.fryka.de/	dofollow	text	"Fryka Kältetechnik GmbH"	149	197	2014-11-01	4.215d
http://www.industrystock.pl/html/%C5%9Arodki%20ch%C5%82odz%C4%85ce/product-result-pl-23668-0.html	"Środki chłodzące - 100 Producenci, Dostawcy, Dystrybutorz"	http://www.fryka.de/	dofollow	text	www.fryka.de	153	195	2014-11-01	4.215d
http://www.industrystock.pl/html/%C5%9Arodki%20ch%C5%82odz%C4%85ce/product-result-pl-23668-0.html	"Środki chłodzące - 100 Producenci, Dostawcy, Dystrybutorz"	http://www.fryka.de/	dofollow	text	"Fryka Kältetechnik GmbH"	153	195	2014-11-01	4.215d
http://www.agema-lab.pl/fryka.php	"Agema - biuro handlu zagraniczneg"	http://www.fryka.de/en/	dofollow	text	www.fryka.de	23	2	2014-11-01	4.215d
http://www.industrystock.pl/html/Urz%C4%85dzenia%20do%20g%C5%82%C4%99bokiego%20mro%C5%BCenia/product-result-pl-27392-0.html	"Urządzenia do głębokiego mrożenia - 33 Producenci, Dostawcy, Dystrybutorz"	http://www.fryka.de/	dofollow	text	www.fryka.de	149	203	2014-10-31	4.216d
http://www.industrystock.pl/html/Urz%C4%85dzenia%20do%20g%C5%82%C4%99bokiego%20mro%C5%BCenia/product-result-pl-27392-0.html	"Urządzenia do głębokiego mrożenia - 33 Producenci, Dostawcy, Dystrybutorz"	http://www.fryka.de/	dofollow	text	"Fryka Kältetechnik GmbH"	149	203	2014-10-31	4.216d
http://www.industrystock.net/html/Cold%20treatment%20devices/product-result-uk-27392-0.html	"Cold treatment devices (Freezers / Freezer) - 33 Manufacturers, suppliers & dealer"	http://www.fryka.de/	dofollow	text	www.fryka.de	40	314	2014-10-31	4.216d
http://www.industrystock.net/html/Cold%20treatment%20devices/product-result-uk-27392-0.html	"Cold treatment devices (Freezers / Freezer) - 33 Manufacturers, suppliers & dealer"	http://www.fryka.de/	dofollow	text	"Fryka Kältetechnik GmbH"	40	314	2014-10-31	4.216d
http://thieme-labortechnik.de/lieferanten.php	"Labortechnik Thieme - Lieferanten"	http://www.fryka.de/	dofollow	text	Fryka	13	55	2014-10-27	3.675d
http://www.sinn-es.de/de/partner/	"Partner / Mitglieder - Standortinitiative Neue Neckarwiesen e.V"	http://www.fryka.de/	dofollow	text	n/a	43	43	2014-10-23	3.947d
http://www.copan-zagreb.hr/laboratorijska-oprema	"Laboratorijska oprem"	http://www.fryka.de/	dofollow	text	www.fryka.de	53	45	2014-10-23	4.224d
http://www.copan-zagreb.hr/laboratorijska-oprema	"Laboratorijska oprem"	http://www.fryka.de/	dofollow	text	Fryka	53	45	2014-10-23	4.224d
http://www.nonecks.de/gefrierboxen.php	Gefrierboxen	http://www.fryka.de/de/downloads/	dofollow	text	"FRYKA K�ltetechnik - Esslingen -- kostenloser Download, ..."	22	44	2014-10-21	4.020d
http://www.labormed.hr/ponuda.html	"LABORMED Zagreb ::: Medicinska i laboratorijska oprema :::"	http://www.fryka.de/	dofollow	text	FRYKA	13	146	2014-10-21	2.989d
http://www.industrystock.net/html/Refrigerating%20machines/product-result-uk-21324-0.html	"Refrigerating machines (Refrigerators / Refrigerator) - 130 Manufacturers, suppliers & dealer"	http://www.fryka.de/	dofollow	text	www.fryka.de	40	323	2014-10-19	4.228d
http://www.industrystock.net/html/Refrigerating%20machines/product-result-uk-21324-0.html	"Refrigerating machines (Refrigerators / Refrigerator) - 130 Manufacturers, suppliers & dealer"	http://www.fryka.de/	dofollow	text	"Fryka Kältetechnik GmbH"	40	323	2014-10-19	4.228d
http://www.wlw.ch/schweiz/fluessigkeitsumlaufkuehler.html	"Flüssigkeitsumlaufkühler (Flüssigkeitskühler): Lieferanten auf wlw.c"	http://www.fryka.de/de/seriengeraete/umlaufkuehler/	dofollow	text	www.fryka.de/de/seriengeraete/umlau...	93	23	2014-10-18	4.229d
http://www.industrystock.cz/html/Chladic%C3%AD%20stroje/product-result-cz-21324-0.html	"Chladicí stroje (chladírenské stroje) - 130 výrobce, dodavatel a obchodní"	http://www.fryka.de/	dofollow	text	www.fryka.de	155	208	2014-10-15	4.232d
http://www.industrystock.cz/html/Chladic%C3%AD%20stroje/product-result-cz-21324-0.html	"Chladicí stroje (chladírenské stroje) - 130 výrobce, dodavatel a obchodní"	http://www.fryka.de/	dofollow	text	"Fryka Kältetechnik GmbH"	155	208	2014-10-15	4.232d
http://www.wlw.nl/treffer/nl/koudwatersets.html	"„Wer liefert was“ - Zo zoeken professional"	http://www.fryka.de/de/seriengeraete/umlaufkuehler/	dofollow	text	www.fryka.de/de/seriengeraete/umlau...	69	12	2014-10-14	4.233d
http://www.wlw.be/treffer/nl/koeltechniek-koeltechnische-machines-en-installaties.html	"„Wer liefert was“ - Zo zoeken professional"	http://www.fryka.de/	dofollow	text	www.fryka.de	116	17	2014-10-14	4.233d
http://www.wlw.lu/treffer/de/kuehlaggregate.html	"„Wer liefert was“ - So suchen Profi"	http://www.fryka.de/	dofollow	text	www.fryka.de	94	13	2014-10-13	4.234d
http://sv.57883.net/alexa/sv/?domain=dialims.com	"★dialims.com "	http://www.fryka.de/	dofollow	text	http://www.fryka.de/	58	24	2014-10-09	4.238d
http://news.medicalexpo.com/press/fryka-kaltetechnik-gmbh/cold-box-b-35-85-c-10-c-68530-164160.html	"Cold box B 35 | -85�C ... -10�C - FRYKA-K�ltetechnik GmbH - News and press release"	http://www.fryka.de/en/standard-equipment/cold-boxes/	dofollow	text	"More information"	9	25	2014-10-03	4.244d
http://www.labormed.hr/o_nama.html	"LABORMED Zagreb ::: Medicinska i laboratorijska oprema :::"	http://www.fryka.de/	dofollow	text	FRYKA	11	48	2014-10-02	3.669d
http://news.directindustry.de/press/fryka-kaltetechnik-gmbh/tiefkuhlunterbauschrank-tus-100-80-c-10-c-115513-413083.html	"Tiefk�hlunterbauschrank TUS 100 | -80�C ... -10�C - FRYKA-K�ltetechnik GmbH - News und Pressemitteilunge"	http://www.fryka.de/de/seriengeraete/tiefkuehlschraenke/	dofollow	text	"Mehr Informationen"	10	13	2014-09-30	4.030d
http://www.industrystock.es/html/Aparato%20de%20enfriado/product-result-es-27392-0.html	"Aparato de enfriado - 28 fabricantes, proveedores y distribuidore"	http://www.fryka.de/	dofollow	text	www.fryka.de	138	192	2014-09-29	4.248d
http://www.industrystock.es/html/Aparato%20de%20enfriado/product-result-es-27392-0.html	"Aparato de enfriado - 28 fabricantes, proveedores y distribuidore"	http://www.fryka.de/	dofollow	text	"Fryka Kältetechnik GmbH"	138	192	2014-09-29	4.248d
http://www.industrystock.cz/html/Chlad%C3%ADc%C3%AD%20prost%C5%99edky/product-result-cz-23668-0.html	"Chladící prostředky - 67 výrobce, dodavatel a obchodní"	http://www.fryka.de/	dofollow	text	www.fryka.de	151	197	2014-09-29	4.248d
http://www.industrystock.cz/html/Chlad%C3%ADc%C3%AD%20prost%C5%99edky/product-result-cz-23668-0.html	"Chladící prostředky - 67 výrobce, dodavatel a obchodní"	http://www.fryka.de/	dofollow	text	"Fryka Kältetechnik GmbH"	151	197	2014-09-29	4.248d
http://de.slider.com/Wissenschaft/Produkte_und_Dienstleistungen/Laborausrüstung.htm	"Slider Directory: Laborausrüstun"	http://www.fryka.de/	dofollow	text	http://www.fryka.de/	32	38	2014-09-29	4.248d
http://de.slider.com/Wissenschaft/Produkte_und_Dienstleistungen/Laborausrüstung.htm	"Slider Directory: Laborausrüstun"	http://www.fryka.de/	dofollow	text	"Fryka-Kältetechnik GmbH"	32	38	2014-09-29	4.248d
http://www.bioregio-stern.de/en/our-services/corporate-database/fryka-kaeltetechnik-gmbh	"FRYKA Kältetechnik GmbH | BioRegio STERN | Thinking business forwar"	http://www.fryka.de/	dofollow	text	http://www.fryka.de	30	6	2014-09-26	4.251d
http://news.medicalexpo.it/press/fryka-kaltetechnik-gmbh/scatola-fredda-b-35-85-c-10-c-68530-164160.html	"Scatola fredda B 35 | -85�C? -10�C - FRYKA-K�ltetechnik GmbH - News e comunicati stamp"	http://www.fryka.de/en/standard-equipment/cold-boxes/	dofollow	text	"Maggiori informazioni"	10	19	2014-09-26	4.034d
http://www.industrystock.pl/html/Ch%C5%82odziwa/product-result-pl-21325-0.html	"Chłodziwa (Środki chłodzące) - 57 Producenci, Dostawcy, Dystrybutorz"	http://www.fryka.de/	dofollow	text	www.fryka.de	149	196	2014-09-25	4.252d
http://www.industrystock.pl/html/Ch%C5%82odziwa/product-result-pl-21325-0.html	"Chłodziwa (Środki chłodzące) - 57 Producenci, Dostawcy, Dystrybutorz"	http://www.fryka.de/	dofollow	text	"Fryka Kältetechnik GmbH"	149	196	2014-09-25	4.252d
http://jp.57883.net/alexa/jp/?domain=csonkaglas.hu	"ウェブサイトの Alexa のランキング★ ウェブサイトのランキング★ csonkaglas.hu グローバル変数ランキン"	http://www.fryka.de/	dofollow	text	http://www.fryka.de/	57	25	2014-09-24	4.253d
http://www.industrystock.cz/html/Chlazen%C3%AD/product-result-cz-57151-0.html	"Chlazení - 231 výrobce, dodavatel a obchodní"	http://www.fryka.de/	dofollow	text	www.fryka.de	156	209	2014-09-15	4.262d
http://www.industrystock.cz/html/Chlazen%C3%AD/product-result-cz-57151-0.html	"Chlazení - 231 výrobce, dodavatel a obchodní"	http://www.fryka.de/	dofollow	text	"Fryka Kältetechnik GmbH"	156	209	2014-09-15	4.262d
http://www.industrystock.cz/html/Chladiva/product-result-cz-21325-0.html	"Chladiva - 107 Výrobci, Obchodníci a Dodavatelé"	http://www.fryka.de/	dofollow	text	www.fryka.de	71	124	2014-09-15	4.262d
http://www.industrystock.cz/html/Chladiva/product-result-cz-21325-0.html	"Chladiva - 107 Výrobci, Obchodníci a Dodavatelé"	http://www.fryka.de/	dofollow	text	"Fryka Kältetechnik GmbH"	71	124	2014-09-15	4.262d
http://www.industrystock.com.br/html/Refrigera%C3%A7%C3%A3o/product-result-pt-57151-0.html	"Refrigeração - 237 Fabricante, abastecedore e comerciant"	http://www.fryka.de/	dofollow	text	www.fryka.de	156	212	2014-09-15	4.262d
http://www.industrystock.com.br/html/Refrigera%C3%A7%C3%A3o/product-result-pt-57151-0.html	"Refrigeração - 237 Fabricante, abastecedore e comerciant"	http://www.fryka.de/	dofollow	text	"Fryka Kältetechnik GmbH"	156	212	2014-09-15	4.262d
http://www.bioregio-stern.de/de/unsere-dienstleistungen/unternehmensdatenbank/fryka-kaeltetechnik-gmbh	"FRYKA Kältetechnik GmbH | BioRegio STERN | Wirtschaft weiterdenke"	http://www.fryka.de/	dofollow	text	http://www.fryka.de	32	6	2014-09-15	4.262d
http://www.firmenverzeichnis.mobi/firmen/fryka_kaeltetechnik_gmbh,34203.html	"Firmenadresse FRYKA K�ltetechnik GmbH - 73730 Esslingen am Neckar - Ohmstra�e 4 - K�lte und Klimatechni"	http://www.fryka.de/	nofollow	text	��www.fryka.de	15	23	2014-09-14	4.263d
http://jp.57883.net/alexa/jp/?domain=czt.de	"ウェブサイトの Alexa のランキング★ Chromatographie Zubehör Trott (CZT) ウェブサイトのランキング★ czt.de グローバル変数ランキン"	http://www.fryka.de/	dofollow	text	http://www.fryka.de/	57	25	2014-09-14	4.263d
http://tools.9495.com/alexa/?domain=czt.de	"Chromatographie Zubeh?r Trott (CZT)[czt.de]��Alexa��վ������������������ҳ���������"	http://www.fryka.de/	dofollow	text	http://www.fryka.de/	49	24	2014-09-06	4.271d
http://www.es-charity.de/index.php/goenner/sponsoren/	"ES Charity am 17.06.2012 – kicken. gucken. spenden! :: Offenes Fußballturnier, ""Come Together"", Großbildleinwand und Spendenaktion für die Stiftung Jugendhilfe aktiv"	http://www.fryka.de/	dofollow	text	www.fryka.de	23	19	2014-09-05	3.572d
http://news.directindustry.de/press/fryka-kaltetechnik-gmbh/professionelle-losungen-zum-kuhlen-tiefkuhlen-anspruchsvolle-kuhlaufgaben-115513-402547.html	"Professionelle L�sungen zum K�hlen und Tiefk�hlen f�r anspruchsvolle K�hlaufgaben - FRYKA-K�ltetechnik GmbH - News und Pressemitteilunge"	http://www.fryka.de/de/	dofollow	text	"Mehr Informationen"	13	25	2014-09-05	4.272d
http://www.thieme-labortechnik.de/lieferanten.php	"Labortechnik Thieme - Lieferanten"	http://www.fryka.de/	dofollow	text	Fryka	13	55	2014-09-04	3.668d
http://www.labo.de/firma/fryka-kaeltetechnik-gmbh.htm	"Fryka-Kältetechnik Gmb"	http://www.fryka.de/	dofollow	text	www.fryka.de	249	12	2014-09-04	4.273d
http://www.nonecks.de/tiefkuehlschraenke.php	Tiefk�hlschr�nke	http://www.fryka.de/de/kuehlschraenke.html	dofollow	text	"Tiefk�hlschrank von FRYKA K�ltetechnik - Esslingen -- ..."	22	49	2014-09-03	4.018d
http://news.medicalexpo.com/press/fryka-kaltetechnik-gmbh/underbench-freezer-tus-100-80-c-10-c-68530-163003.html	"Underbench freezer TUS 100 | -80�C ... -10�C - FRYKA-K�ltetechnik GmbH - News and press release"	http://www.fryka.de/en/standard-equipment/upright-freezers/	dofollow	text	"More information"	10	27	2014-09-03	4.079d
http://www.cash42.de/thema/Sonderanfertigungen.html	"Links und News zum Thema Sonderanfertigungen"	http://www.fryka.de/	nofollow	text	http://www.fryka.de/	41	35	2014-08-29	3.706d
http://www.bionity.com/de/tiefkuehlschraenke.html	"Tiefkühlschränke - bionity.co"	http://www.fryka.de/de/downloads/	dofollow	text	mehr	131	62	2014-08-27	4.281d
http://www.bionity.com/de/tiefkuehlschraenke.html	"Tiefkühlschränke - bionity.co"	http://www.fryka.de/de/downloads/	dofollow	text	"FRYKA Kältetechnik - Esslingen -- kostenloser Download, Technische Daten, Durchlaufkühler, Kältetech"	131	62	2014-08-27	4.281d
http://www.bionity.com/de/produkte/127223/tiefkuehlbox-b35-fryka-kuehlbox.html	"Tiefkühlbox / Kühlbox - Tiefkälte direkt am Labor-Arbeitsplat"	http://www.fryka.de/de/seriengeraete/tiefkuehlboxen/	dofollow	text	"Produkt Website"	104	57	2014-08-27	4.281d
http://news.medicalexpo.com/press/fryka-kaltetechnik-gmbh/freezer-ts-100-80-c-10-c-68530-163743.html	"Freezer TS 100 | -80�C ... -10�C - FRYKA-K�ltetechnik GmbH - News and press release"	http://www.fryka.de/en/standard-equipment/upright-freezers/	dofollow	text	"More information"	11	24	2014-08-21	4.287d
http://www.copan-zagreb.hr/prodajni-program/laboratorijska-oprema	"Laboratorijska oprem"	http://www.fryka.de/	dofollow	text	www.fryka.de	55	45	2014-08-20	4.288d
http://www.copan-zagreb.hr/prodajni-program/laboratorijska-oprema	"Laboratorijska oprem"	http://www.fryka.de/	dofollow	text	Fryka	55	45	2014-08-20	4.288d
http://www.chemeurope.com/en/products/127223/cold-box-b35-fryka-lab-laboratory.html	"Cold Box / Storage Box for Laboratory Use / Cold Box B 35"	http://www.fryka.de/en/standard-equipment/cold-boxes/	dofollow	text	"Product website"	108	53	2014-07-08	3.799d
http://www.wlw.de/treffer/kuehlaggregate.html	"Kühlaggregate (Kühlen, Aggregat, Kühlaggregat): Lieferanten bei wer-liefert-was.d"	http://www.fryka.de/	dofollow	text	www.fryka.de	170	64	2014-07-06	4.333d
http://www.wlw.de/treffer/kuehlaggregate.html	"Kühlaggregate (Kühlen, Aggregat, Kühlaggregat): Lieferanten bei wer-liefert-was.d"	http://www.fryka.de/	dofollow	text	www.fryka.de	170	64	2014-07-06	4.333d
http://www.wlw.de/treffer/kuehlaggregate.html	"Kühlaggregate (Kühlen, Aggregat, Kühlaggregat): Lieferanten bei wer-liefert-was.d"	http://www.fryka.de/	dofollow	text	0000392896.0000266741	170	64	2014-07-06	4.333d
http://www.chemie.de/produkte/127223/tiefkuehlbox-b35-fryka-kuehlbox.html	"Tiefkühlbox Kühlbox Tiefkälte direkt am Labor-Arbeitsplat"	http://www.fryka.de/de/seriengeraete/tiefkuehlboxen/	dofollow	text	"Produkt Website"	109	53	2014-07-01	3.928d
http://www.wlw.de/treffer/tiefkuehlschraenke-fuer-labor-und-industrie.html	"Tiefkühlschränke für Labor und Industrie (Kühlschrank, Gefrierschrank, Gefriertruhe): Lieferanten bei wer-liefert-was.d"	http://www.fryka.de/seriengeraete/tiefkuehlboxen/	dofollow	text	www.fryka.de/seriengeraete/tiefkueh...	115	30	2014-06-27	4.342d
http://www.wlw.de/treffer/tiefkuehlschraenke-fuer-labor-und-industrie.html	"Tiefkühlschränke für Labor und Industrie (Kühlschrank, Gefrierschrank, Gefriertruhe): Lieferanten bei wer-liefert-was.d"	http://www.fryka.de/seriengeraete/tiefkuehlboxen/	dofollow	text	www.fryka.de/seriengeraete/tiefkueh...	115	30	2014-06-27	4.342d
http://www.wlw.de/treffer/tiefkuehlschraenke-fuer-labor-und-industrie.html	"Tiefkühlschränke für Labor und Industrie (Kühlschrank, Gefrierschrank, Gefriertruhe): Lieferanten bei wer-liefert-was.d"	http://www.fryka.de/seriengeraete/tiefkuehlboxen/	dofollow	text	n/a	115	30	2014-06-27	4.342d
http://www.wlw.de/treffer/kaltwassersaetze.html	"Kaltwassersätze (Satz, Flüssigkeitskühler, Kaltwassererzeuger): Lieferanten bei wer-liefert-was.d"	http://www.fryka.de/de/seriengeraete/umlaufkuehler/	dofollow	text	www.fryka.de/de/seriengeraete/umlau...	190	50	2014-06-27	4.342d
http://www.wlw.de/treffer/kaltwassersaetze.html	"Kaltwassersätze (Satz, Flüssigkeitskühler, Kaltwassererzeuger): Lieferanten bei wer-liefert-was.d"	http://www.fryka.de/de/seriengeraete/umlaufkuehler/	dofollow	text	www.fryka.de/de/seriengeraete/umlau...	190	50	2014-06-27	4.342d
http://www.wlw.de/treffer/kaltwassersaetze.html	"Kaltwassersätze (Satz, Flüssigkeitskühler, Kaltwassererzeuger): Lieferanten bei wer-liefert-was.d"	http://www.fryka.de/de/seriengeraete/umlaufkuehler/	dofollow	text	n/a	190	50	2014-06-27	4.342d
http://www.chemie.de/tiefkuehlschraenke.html	"Tiefkühlschränke - chemie.d"	http://www.fryka.de/de/downloads/	dofollow	text	mehr	118	62	2014-06-11	4.089d
http://www.chemie.de/tiefkuehlschraenke.html	"Tiefkühlschränke - chemie.d"	http://www.fryka.de/de/downloads/	dofollow	text	"FRYKA Kältetechnik - Esslingen -- kostenloser Download, Technische Daten, Durchlaufkühler, Kältetech"	118	62	2014-06-11	4.089d
http://pdf.directindustry.de/pdf/fryka-kaltetechnik-gmbh/tiefkuhlschrank-ts-100-logg/115513-423003.html	"Tiefk�hlschrank TS 100 //logg - FRYKA-K�ltetechnik GmbH - PDF Katalog | technische Unterlagen | Prospek"	http://www.fryka.de/	dofollow	text	"FRYKA-K�ltetechnik GmbH"	7	33	2014-06-11	4.358d
http://www.chemie.de/umlaufkuehler.html	"Umlaufkühler - chemie.d"	http://www.fryka.de/	dofollow	text	mehr	123	64	2014-06-06	4.085d
http://www.chemie.de/umlaufkuehler.html	"Umlaufkühler - chemie.d"	http://www.fryka.de/	dofollow	text	"FRYKA Kältetechnik - Esslingen -- Fryka, Kältetechnik, Tiefkühlgeräte, kühlen, Kühlgeräte, Labor, La"	123	64	2014-06-06	4.085d
