from_url;from_domain;from_host;to_url;to_host;text;country;tld;visindex;visindex_country;follow
https://www.nabu.de/wir-ueber-uns/datenschutz/24491.html;nabu.de;www.nabu.de;https://www.video-stream-hosting.com/j/privacy.;www.video-stream-hosting.com;https://www.video-stream-hosting.com/j/privacy.;de;de;35.3316;de;1
https://www.provenexpert.com/de-de/steinmann-video-stream-hosting/;provenexpert.com;www.provenexpert.com;https://www.video-stream-hosting.com/impressum/;www.video-stream-hosting.com;impressum;us;com;3.7692;de;0
https://www.alpenverein-muenchen-oberland.de/datenschutzerklaerung;alpenverein-muenchen-oberland.de;www.alpenverein-muenchen-oberland.de;https://www.video-stream-hosting.com/datenschutz;www.video-stream-hosting.com;https://www.video-stream-hosting.com/datenschutz;de;de;1.6497;de;1
https://www.thieme.de/de/thieme-chemistry/sos-professor-ryoji-noyori-59372.htm;thieme.de;www.thieme.de;http://www.video-stream-hosting.com/;www.video-stream-hosting.com;video-stream-hosting.de;--;com;9.8599;de;1
https://www.deubner-steuern.de/infopoint/datenschutz.html;deubner-steuern.de;www.deubner-steuern.de;https://www.video-stream-hosting.com/datenschutz/;www.video-stream-hosting.com;www.video-stream-hosting.com/datenschutz/;de;de;1.223;de;0
https://www.kvb.de/datenschutzerklaerung;kvb.de;www.kvb.de;https://www.video-stream-hosting.com/datenschutz/;www.video-stream-hosting.com;https://www.video-stream-hosting.com/datenschutz/;de;de;1.0763;de;1
https://www.camp-firefox.de/forum/thema/113709-fehlermeldung-openh264-videocodec/;camp-firefox.de;www.camp-firefox.de;http://www.video-stream-hosting.com/video-streaming/videoplayer/;www.video-stream-hosting.com;http://www.video-stream-hosting.com/video-streaming/videoplayer/;--;com;0.9595;de;0
https://www.gamersglobal.de/news/187966/weihnachtsaktion-2020;gamersglobal.de;www.gamersglobal.de;https://www.video-stream-hosting.com;www.video-stream-hosting.com;;--;com;0.8693;at;1
https://www.gamersglobal.de/news/187966/weihnachtsaktion-2020;gamersglobal.de;www.gamersglobal.de;https://www.video-stream-hosting.com/;www.video-stream-hosting.com;video-stream-hosting.com;us;com;0.8693;at;1
https://www.goerlitz.de/Stadtratsitzung-Livestream.html;goerlitz.de;www.goerlitz.de;https://www.video-stream-hosting.com/datenschutz/;www.video-stream-hosting.com;datenschutz;de;de;0.8871;de;1
https://www.goerlitz.de/Stadtratsitzung-Livestream.html;goerlitz.de;www.goerlitz.de;https://www.video-stream-hosting.com/video-streaming/videoplayer/;www.video-stream-hosting.com;https://www.video-stream-hosting.com/video-streaming/videoplayer;de;de;0.8871;de;1
https://koerber-stiftung.de/datenschutz/;koerber-stiftung.de;koerber-stiftung.de;https://www.video-stream-hosting.com/datenschutz/;www.video-stream-hosting.com;https://www.video-stream-hosting.com/datenschutz/;de;de;0.8314;de;1
https://www.deubner-recht.de/infopoint/datenschutz.html;deubner-recht.de;www.deubner-recht.de;https://www.video-stream-hosting.com/datenschutz/;www.video-stream-hosting.com;www.video-stream-hosting.com/datenschutz/;de;de;0.8188;de;1
https://paforum.de/forum/index.php?thread/138386-streaming-server-hosten/;paforum.de;paforum.de;https://www.video-stream-hosting.com/;www.video-stream-hosting.com;https://www.video-stream-hosting.com/;us;de;0.8069;at;0
https://www.trillium.de/datenschutzerklaerung.html;trillium.de;www.trillium.de;https://www.video-stream-hosting.com/;www.video-stream-hosting.com;https://www.video-stream-hosting.com/;de;de;0.7313;ch;1
https://www.trillium.de/datenschutzerklaerung.html;trillium.de;www.trillium.de;https://www.video-stream-hosting.com/j/privacy;www.video-stream-hosting.com;www.video-stream-hosting.com/j/privacy;de;de;0.7313;ch;1
https://www.kiteboarding-club.com/pt/data-privacy-protection/;kiteboarding-club.com;www.kiteboarding-club.com;https://www.video-stream-hosting.com/;www.video-stream-hosting.com;www.video-stream-hosting.com;de;com;0.459;eg;1
https://www.kiteboarding-club.com/datenschutzerklaerung/;kiteboarding-club.com;www.kiteboarding-club.com;https://www.video-stream-hosting.com/sicherheit/;www.video-stream-hosting.com;www.video-stream-hosting.com/sicherheit/;de;com;0.459;eg;1
https://www.digital-affin.de/blog/live-streaming-software/;digital-affin.de;www.digital-affin.de;https://www.video-stream-hosting.com/beratung-support/echtzeit-%C3%BCbertragung/;www.video-stream-hosting.com;latenz;us;de;0.6712;de;1
https://www.digital-affin.de/blog/live-streaming-software/;digital-affin.de;www.digital-affin.de;https://www.video-stream-hosting.com/beratung-support/echtzeit-übertragung/;www.video-stream-hosting.com;latenz;--;de;0.6712;de;1
https://www.drs.de/datenschutz.html;drs.de;www.drs.de;https://www.video-stream-hosting.com/;www.video-stream-hosting.com;https://www.video-stream-hosting.com/;de;de;0.8265;de;1
https://www.drs.de/datenschutz.html;drs.de;www.drs.de;https://www.video-stream-hosting.com/datenschutz/;www.video-stream-hosting.com;https://www.video-stream-hosting.com/datenschutz/;de;de;0.8265;de;1
https://hohen-neuendorf.de/de/rathaus-politik/kommunalpolitik/svv-liveuebertragung-und-aufzeichnung;hohen-neuendorf.de;hohen-neuendorf.de;https://www.video-stream-hosting.com;www.video-stream-hosting.com;https://www.video-stream-hosting.com;--;com;0.2309;de;1
https://hohen-neuendorf.de/de/rathaus-politik/kommunalpolitik/svv-liveuebertragung-und-aufzeichnung;hohen-neuendorf.de;hohen-neuendorf.de;https://www.video-stream-hosting.com/;www.video-stream-hosting.com;https://www.video-stream-hosting.com;de;com;0.2309;de;1
https://www.g-h-t.de/de/datenschutz/;g-h-t.de;www.g-h-t.de;https://www.video-stream-hosting.com/j/privacy;www.video-stream-hosting.com;"datenschutzerklaerung des anbieters";de;de;0.2154;de;1
https://www.erlebnisbocksberg.de/datenschutz/;erlebnisbocksberg.de;www.erlebnisbocksberg.de;https://www.video-stream-hosting.com/j/privacy.;www.video-stream-hosting.com;https://www.video-stream-hosting.com/j/privacy.;de;de;0.1861;de;1
https://leanbase.de/datenschutzerklaerung;leanbase.de;leanbase.de;https://www.video-stream-hosting.com/;www.video-stream-hosting.com;https://www.video-stream-hosting.com/;de;de;0.1659;at;1
https://leanbase.de/datenschutzerklaerung;leanbase.de;leanbase.de;https://www.video-stream-hosting.com/datenschutz/;www.video-stream-hosting.com;https://www.video-stream-hosting.com/datenschutz/;de;de;0.1659;at;1
https://www.mediengestalter.info/forum/27/4xusb-hd-cams-live-gleichzeitig-capturen-181117-1.html;mediengestalter.info;www.mediengestalter.info;https://www.video-stream-hosting.com/beratung-support/grundlagen-live-streaming/;www.video-stream-hosting.com;https://www.video-stream-hosting.com/beratung-support/grundlagen;de;info;0.1587;at;0
https://architekten-thueringen.de/datenschutz/;architekten-thueringen.de;architekten-thueringen.de;https://www.video-stream-hosting.com/datenschutz/;www.video-stream-hosting.com;www.video-stream-hosting.com/datenschutz/;de;de;0.1471;de;1
https://freiheitsrechte.org/datenschutz;freiheitsrechte.org;freiheitsrechte.org;https://www.video-stream-hosting.com/;www.video-stream-hosting.com;;ir;org;0.1261;ch;1
https://freiheitsrechte.org/en/datenschutz;freiheitsrechte.org;freiheitsrechte.org;https://www.video-stream-hosting.com/;www.video-stream-hosting.com;"﻿ https://www.video-stream-hosting.com/";ir;org;0.1261;ch;1
https://freiheitsrechte.org/datenschutz;freiheitsrechte.org;freiheitsrechte.org;https://www.video-stream-hosting.com/datenschutz/;www.video-stream-hosting.com;;ir;org;0.1261;ch;1
https://www.vpv.de/datenschutz/;vpv.de;www.vpv.de;https://www.video-stream-hosting.com/;www.video-stream-hosting.com;https://www.video-stream-hosting.com/;de;de;0.1235;de;0
https://www.ag-wanderfalken.de/;ag-wanderfalken.de;www.ag-wanderfalken.de;https://www.video-stream-hosting.com/;www.video-stream-hosting.com;;de;de;0.109;de;1
https://hideaways-hotels.com/datenschutz/;hideaways-hotels.com;hideaways-hotels.com;https://www.video-stream-hosting.com/j/privacy;www.video-stream-hosting.com;https://www.video-stream-hosting.com/j/privacy;de;com;0.1065;de;1
https://www.herzberg-elster.de/news/1/1026144/nachrichten/%C3%B6ffentliche-nicht%C3%B6ffentliche-sitzung-des-ausschusses-f%C3%BCr-bildung-und-kultur-sowie-sport-und-soziales-der-stadt-herzberg-elster-am-30.01.2025.html;herzberg-elster.de;www.herzberg-elster.de;https://www.video-stream-hosting.com;www.video-stream-hosting.com;;de;de;0.1003;de;0
https://www.herzberg-elster.de/news/1/822188/nachrichten/%C3%B6ffentliche-nicht%C3%B6ffentliche-sitzung-des-ausschusses-f%C3%BCr-bildung-und-kultur-sowie-sport-und-soziales-der-stadt-herzberg-elster.html;herzberg-elster.de;www.herzberg-elster.de;https://www.video-stream-hosting.com;www.video-stream-hosting.com;https://www.video-stream-hosting.com;de;de;0.1003;de;0
https://www.herzberg-elster.de/news/1/1025251/nachrichten/%C3%B6ffentliche-nicht%C3%B6ffentliche-sitzung-des-bau--wirtschafts-und-umweltausschusses-der-stadt-herzberg-elster-am-28.01.2025.html;herzberg-elster.de;www.herzberg-elster.de;https://www.video-stream-hosting.com/;www.video-stream-hosting.com;;de;de;0.1003;de;0
https://www.herzberg-elster.de/datenschutz/index.php;herzberg-elster.de;www.herzberg-elster.de;https://www.video-stream-hosting.com/;www.video-stream-hosting.com;https://www.video-stream-hosting.com/;de;de;0.1003;de;0
https://www.herzberg-elster.de/datenschutz/index.php;herzberg-elster.de;www.herzberg-elster.de;https://www.video-stream-hosting.com/j/privacy;www.video-stream-hosting.com;https://www.video-stream-hosting.com/j/privacy;de;de;0.1003;de;0
https://www.schoenwalde-glien.de/de/erklaerungen/datenschutzerklaerung-zum-videostreaming/;schoenwalde-glien.de;www.schoenwalde-glien.de;https://www.video-stream-hosting.com/;www.video-stream-hosting.com;https://www.video-stream-hosting.com/;de;de;0.0747;de;1
https://www.schoenwalde-glien.de/de/erklaerungen/datenschutzerklaerung-zum-videostreaming/;schoenwalde-glien.de;www.schoenwalde-glien.de;https://www.video-stream-hosting.com/datenschutz/;www.video-stream-hosting.com;https://www.video-stream-hosting.com/datenschutz/;de;de;0.0747;de;1
https://www.indat.info/Datenschutz;indat.info;www.indat.info;https://www.video-stream-hosting.com/;www.video-stream-hosting.com;https://www.video-stream-hosting.com/;de;info;0.0625;de;1
https://www.indat.info/Datenschutz;indat.info;www.indat.info;https://www.video-stream-hosting.com/j/privacy;www.video-stream-hosting.com;https://www.video-stream-hosting.com/j/privacy;de;info;0.0625;de;1
https://www.lohnundgehalt-magazin.de/;lohnundgehalt-magazin.de;www.lohnundgehalt-magazin.de;https://www.video-stream-hosting.com/datenschutz/;www.video-stream-hosting.com;https://www.video-stream-hosting.com/datenschutz/;--;com;0.0451;de;0
http://www.dugun.tv/;dugun.tv;www.dugun.tv;http://www.video-stream-hosting.com/;www.video-stream-hosting.com;"video stream hosting";de;tv;0.0446;tr;1
http://www.dugun.tv/;dugun.tv;www.dugun.tv;http://www.video-stream-hosting.com/;www.video-stream-hosting.com;"video stream hosting";de;tv;0.0446;tr;1
https://www.lausitz.tv/datenschutzerklaerung/;lausitz.tv;www.lausitz.tv;https://www.video-stream-hosting.com/datenschutz/;www.video-stream-hosting.com;https://www.video-stream-hosting.com/datenschutz/;de;tv;0.0363;de;1
https://www.lausitz.tv/datenschutzerklaerung/;lausitz.tv;www.lausitz.tv;https://www.video-stream-hosting.com/datenschutz/;www.video-stream-hosting.com;https://www.video-stream-hosting.com/datenschutz/;de;tv;0.0363;de;0
https://www.hirsch-nu.de/kontakt/datenschutz.php;hirsch-nu.de;www.hirsch-nu.de;https://www.video-stream-hosting.com/datenschutz/;www.video-stream-hosting.com;https://www.video-stream-hosting.com/datenschutz/;de;de;0.0341;de;1
https://www.solaris-fzu.de/metanavigation/datenschutz.html;solaris-fzu.de;www.solaris-fzu.de;https://www.video-stream-hosting.com/datenschutz/;www.video-stream-hosting.com;hier;--;com;0.028;at;1
https://www.finalcutprofi.de/phpboard/viewtopic.php?t=80963;finalcutprofi.de;www.finalcutprofi.de;https://www.video-stream-hosting.com/;www.video-stream-hosting.com;https://www.video-stream-hosting.com/;de;de;0.0429;at;1
https://www.kjf-gmbh.de/datenschutz/;kjf-gmbh.de;www.kjf-gmbh.de;https://www.video-stream-hosting.com/j/privacy;www.video-stream-hosting.com;https://www.video-stream-hosting.com/j/privacy;us;de;0.023;de;1
https://www.sah-kanzlei.de/de/das_sind_wir/datenschutzerkl%C3%A4rung/;sah-kanzlei.de;www.sah-kanzlei.de;https://www.video-stream-hosting.com/j/privacy;www.video-stream-hosting.com;https://www.video-stream-hosting.com/j/privacy;de;de;0.0218;de;0
https://www.deubner-verlag.de/datenschutz;deubner-verlag.de;www.deubner-verlag.de;https://www.video-stream-hosting.com/datenschutz/;www.video-stream-hosting.com;www.video-stream-hosting.com/datenschutz/;de;de;0.0213;de;0
https://www.deubner-verlag.de/datenschutzerklaerung-homepageservice;deubner-verlag.de;www.deubner-verlag.de;https://www.video-stream-hosting.com/j/privacy;www.video-stream-hosting.com;https://www.video-stream-hosting.com/j/privacy;de;de;0.0213;de;1
https://easylivestream.de/en/wissensdatenbank/is-password-protection-of-livestreams-possible/;easylivestream.de;easylivestream.de;https://www.video-stream-hosting.com/;www.video-stream-hosting.com;https://www.video-stream-hosting.com/;de;de;0.0201;de;1
https://mauersegler-burgdorf.ch/wie-geht-das-mit-der-webcam/;mauersegler-burgdorf.ch;mauersegler-burgdorf.ch;https://www.video-stream-hosting.com/;www.video-stream-hosting.com;https://www.video-stream-hosting.com;ua;ch;0.0177;ch;1
https://www.bergischesymphoniker.de/datenschutz/;bergischesymphoniker.de;www.bergischesymphoniker.de;https://www.video-stream-hosting.com;www.video-stream-hosting.com;https://www.video-stream-hosting.com;de;de;0.0148;at;1
https://www.bergischesymphoniker.de/datenschutz/;bergischesymphoniker.de;www.bergischesymphoniker.de;https://www.video-stream-hosting.com/;www.video-stream-hosting.com;https://www.video-stream-hosting.com;de;de;0.0148;at;1
https://www.bergischesymphoniker.de/datenschutz/;bergischesymphoniker.de;www.bergischesymphoniker.de;https://www.video-stream-hosting.com/datenschutz/;www.video-stream-hosting.com;https://www.video-stream-hosting.com/datenschutz/;de;de;0.0148;at;1
https://www.bergischesymphoniker.de/konzert/anatevka-musical-von-jerry-bock-184630238/;bergischesymphoniker.de;www.bergischesymphoniker.de;https://www.video-stream-hosting.com/sicherheit/;www.video-stream-hosting.com;https://www.video-stream-hosting.com/sicherheit/;--;de;0.0148;at;0
https://www.koenig-steuerberater.de/impressum/;koenig-steuerberater.de;www.koenig-steuerberater.de;https://www.video-stream-hosting.com/j/privacy;www.video-stream-hosting.com;https://www.video-stream-hosting.com/j/privacy;de;de;0.0143;de;1
https://www.industrie-digitalisierung.com/en/privacy-policy/;industrie-digitalisierung.com;www.industrie-digitalisierung.com;https://www.video-stream-hosting.com/j/privacy;www.video-stream-hosting.com;https://www.video-stream-hosting.com/j/privacy;de;com;0.0122;ch;1
https://www.nold-geiger.de/content/steuerberater_rechtsanwalt/kanzlei/impressum_haftung/content_ger.html;nold-geiger.de;www.nold-geiger.de;https://www.video-stream-hosting.com/j/privacy;www.video-stream-hosting.com;https://www.video-stream-hosting.com/j/privacy;de;de;0.0108;de;0
https://23m.com/de/about;23m.com;23m.com;https://www.video-stream-hosting.com/;www.video-stream-hosting.com;"video stream hosting";de;com;0.0114;de;1
https://www.thoxan.com/strategische-beratung/;thoxan.com;www.thoxan.com;https://www.video-stream-hosting.com/;www.video-stream-hosting.com;;de;com;0.0102;de;1
https://www.thoxan.com/;thoxan.com;www.thoxan.com;https://www.video-stream-hosting.com/;www.video-stream-hosting.com;"steinmann – video-stream-hosting";de;com;0.0102;de;1
https://www.thoxan.com/wunschkunden-podcast/;thoxan.com;www.thoxan.com;https://www.video-stream-hosting.com/;www.video-stream-hosting.com;video-stream-hosting.com;de;com;0.0102;de;1
https://www.thoxan.com/referenzen/;thoxan.com;www.thoxan.com;https://www.video-stream-hosting.com/;www.video-stream-hosting.com;"steinmann – video-stream-hosting";de;com;0.0102;de;0
https://www.giokiamo.eu/2026/02/21/dark-side-links-dark-white-hat-link-building-316/;giokiamo.eu;www.giokiamo.eu;https://video-stream-hosting.com/;video-stream-hosting.com;"join our telegram https://t.me/s/darksidelinks";it;eu;0.0099;it;0
https://www.steuer-olawsky.de/de/kanzlei/datenschutzerkl%C3%A4rung/index.html;steuer-olawsky.de;www.steuer-olawsky.de;https://www.video-stream-hosting.com/j/privacy;www.video-stream-hosting.com;https://www.video-stream-hosting.com/j/privacy;de;de;0.0091;at;1
https://www.initiative-deutsche-zahlungssysteme.de/datenschutz/;initiative-deutsche-zahlungssysteme.de;www.initiative-deutsche-zahlungssysteme.de;https://www.video-stream-hosting.com/;www.video-stream-hosting.com;https://www.video-stream-hosting.com/;ru;de;0.0081;de;1
https://www.initiative-deutsche-zahlungssysteme.de/datenschutz/;initiative-deutsche-zahlungssysteme.de;www.initiative-deutsche-zahlungssysteme.de;https://www.video-stream-hosting.com/j/privacy;www.video-stream-hosting.com;https://www.video-stream-hosting.com/j/privacy;ru;de;0.0081;de;1
https://medienportal-sachsen-anhalt.de/app/v1/Datenschutzerklaerung.html;medienportal-sachsen-anhalt.de;medienportal-sachsen-anhalt.de;https://www.video-stream-hosting.com/datenschutz/;www.video-stream-hosting.com;https://www.video-stream-hosting.com/datenschutz/;de;de;0.0077;de;1
https://www.schraven-partner.de/de/%C3%BCber_uns/datenschutz/;schraven-partner.de;www.schraven-partner.de;https://www.video-stream-hosting.com/j/privacy;www.video-stream-hosting.com;https://www.video-stream-hosting.com/j/privacy;de;de;0.006;de;1
https://www.struss-ramcke.de/datenschutz/;struss-ramcke.de;www.struss-ramcke.de;https://www.video-stream-hosting.com/j/privacy;www.video-stream-hosting.com;https://www.video-stream-hosting.com/j/privacy;de;de;0.005;de;1
https://hanan-kadur.de/datenschutz/;hanan-kadur.de;hanan-kadur.de;https://www.video-stream-hosting.com/j/privacy;www.video-stream-hosting.com;https://www.video-stream-hosting.com/j/privacy;de;de;0.005;de;1
https://www.stb-haeusler.de/datenschutz/;stb-haeusler.de;www.stb-haeusler.de;https://www.video-stream-hosting.com/j/privacy;www.video-stream-hosting.com;https://www.video-stream-hosting.com/j/privacy;de;de;0.0044;de;1
https://www.kanzleirausch.de/datenschutzerklaerung/;kanzleirausch.de;www.kanzleirausch.de;https://www.video-stream-hosting.com/j/privacy;www.video-stream-hosting.com;https://www.video-stream-hosting.com/j/privacy;de;de;0.0044;de;1
https://www.rpv-vorpommern.de/datenschutzerklaerung;rpv-vorpommern.de;www.rpv-vorpommern.de;https://www.video-stream-hosting.com/;www.video-stream-hosting.com;www.video-stream-hosting.com;--;de;0.003;de;1
https://www.rpv-vorpommern.de/datenschutzerklaerung;rpv-vorpommern.de;www.rpv-vorpommern.de;https://www.video-stream-hosting.com/datenschutz/;www.video-stream-hosting.com;https://www.video-stream-hosting.com/datenschutz/;--;de;0.003;de;1
https://www.rpv-vorpommern.de/livestream-verbandsversammlung;rpv-vorpommern.de;www.rpv-vorpommern.de;https://www.video-stream-hosting.com/datenschutz/;www.video-stream-hosting.com;video-stream-hosting.com;--;de;0.003;de;1
https://forums.erfindergarden.de/t/livestrem-auf-der-webseite-einbinden/594;erfindergarden.de;forums.erfindergarden.de;https://www.video-stream-hosting.com/beratung-support/streaming-und-ip-kameras/;www.video-stream-hosting.com;"streaming- und ip-kameras empfehlungen";de;de;0.0264;de;1
https://forums.erfindergarden.de/t/livestrem-auf-der-webseite-einbinden/594;erfindergarden.de;forums.erfindergarden.de;https://www.video-stream-hosting.com/beratung-support/streaming-und-ip-kameras/;www.video-stream-hosting.com;"video stream hosting";nl;de;0.0264;de;1
https://stb-vonmach.de/datenschutzerklaerung/;stb-vonmach.de;stb-vonmach.de;https://www.video-stream-hosting.com/j/privacy;www.video-stream-hosting.com;https://www.video-stream-hosting.com/j/privacy;nl;de;0.0029;de;1
https://vitel.de/blog/2022/05/18/herausforderungen-im-livestreaming/;vitel.de;vitel.de;https://www.video-stream-hosting.com/beratung-support/typische-herausforderungen/;www.video-stream-hosting.com;"typische herausforderungen beim livestream video-stream-hosting";de;de;0.0028;de;1
https://events.mcon-mannheim.de/frontend/index.php?page_id=6677;mcon-mannheim.de;events.mcon-mannheim.de;https://www.video-stream-hosting.com/j/privacy;www.video-stream-hosting.com;https://www.video-stream-hosting.com/j/privacy;de;de;0.0641;de;1
https://events.mcon-mannheim.de/frontend/index.php?folder_id=1686&page_id=;mcon-mannheim.de;events.mcon-mannheim.de;https://www.video-stream-hosting.com/j/privacy;www.video-stream-hosting.com;"https://www.video-stream-hosting.com/j/privacy ";de;de;0.0641;de;1
https://www.kanzlei-matulke.de/mandanteninfo/video-tipps;kanzlei-matulke.de;www.kanzlei-matulke.de;https://www.video-stream-hosting.com/agb/;www.video-stream-hosting.com;"die agb des entsprechenden anbieters koennen sie hier einsehen ».";de;de;0.0022;de;1
http://dugun.tv/contact.html;dugun.tv;dugun.tv;http://www.video-stream-hosting.com/;www.video-stream-hosting.com;"video stream hosting";de;tv;0.0446;tr;1
http://dugun.tv;dugun.tv;dugun.tv;http://www.video-stream-hosting.com/;www.video-stream-hosting.com;"video stream hosting";de;tv;0.0446;tr;1
https://www.deubner-akademie.de/datenschutz.html;deubner-akademie.de;www.deubner-akademie.de;https://www.video-stream-hosting.com/datenschutz/;www.video-stream-hosting.com;www.video-stream-hosting.com/datenschutz/;de;de;0.0019;de;1
https://wedolivestream.de/author/schnicknick/;wedolivestream.de;wedolivestream.de;https://www.video-stream-hosting.com/;www.video-stream-hosting.com;video-stream-hosting;de;de;0.0017;de;1
https://www.mh-drs.de/meta/datenschutz;mh-drs.de;www.mh-drs.de;https://www.video-stream-hosting.com/;www.video-stream-hosting.com;https://www.video-stream-hosting.com/;ir;de;0.0012;ch;1
https://www.mh-drs.de/meta/datenschutz;mh-drs.de;www.mh-drs.de;https://www.video-stream-hosting.com/datenschutz/;www.video-stream-hosting.com;https://www.video-stream-hosting.com/datenschutz/;ir;de;0.0012;ch;1
https://www.mdl-annastolz.de/presse/pressemitteilungen-details/news/ein-besonderer-und-jugendnaher-zugang-zu-kultur-und-geschichte-kultusstaatssekretaerin-anna-stolz/;mdl-annastolz.de;www.mdl-annastolz.de;https://www.video-stream-hosting.com/j/privacy;www.video-stream-hosting.com;datenschutzerklaerung;--;com;0.0012;de;1
https://www.mdl-annastolz.de/;mdl-annastolz.de;www.mdl-annastolz.de;https://www.video-stream-hosting.com/j/privacy;www.video-stream-hosting.com;datenschutzerklaerung;--;com;0.0012;de;1
https://www.heinsohn-partner.de/de/kanzlei/datenschutzerkl%C3%A4rung/;heinsohn-partner.de;www.heinsohn-partner.de;https://www.video-stream-hosting.com/j/privacy;www.video-stream-hosting.com;https://www.video-stream-hosting.com/j/privacy;de;de;0.0012;de;1
https://www.dmhs.eu/de/kanzlei/datenschutz/;dmhs.eu;www.dmhs.eu;https://www.video-stream-hosting.com/j/privacy;www.video-stream-hosting.com;https://www.video-stream-hosting.com/j/privacy;--;com;0.0012;de;1
https://fgma.de/datenschutz/;fgma.de;fgma.de;https://www.video-stream-hosting.com/j/privacy;www.video-stream-hosting.com;datenschutzerklaerung;de;de;0.0011;de;1
https://www.feg-goerlitz.de/datenschutz/;feg-goerlitz.de;www.feg-goerlitz.de;https://www.video-stream-hosting.com/datenschutz/;www.video-stream-hosting.com;https://www.video-stream-hosting.com/datenschutz/;de;de;0.001;de;1
https://steuerkanzlei-jaenchen.de/datenschutz/;steuerkanzlei-jaenchen.de;steuerkanzlei-jaenchen.de;https://www.video-stream-hosting.com/j/privacy;www.video-stream-hosting.com;https://www.video-stream-hosting.com/j/privacy;de;de;0.0009;de;1
https://backlinktime.com/keyword-elite-google-adwords-keyword-tool-which-is-better/;backlinktime.com;backlinktime.com;https://video-stream-hosting.com/;video-stream-hosting.com;video-stream-hosting;us;com;0.0009;nl;1
https://www.thg-kiel.net/da/Datenschutz/;thg-kiel.net;www.thg-kiel.net;https://www.video-stream-hosting.com/j/privacy;www.video-stream-hosting.com;;de;net;0.0007;se;1
https://www.thg-kiel.net/de/Datenschutz/;thg-kiel.net;www.thg-kiel.net;https://www.video-stream-hosting.com/j/privacy;www.video-stream-hosting.com;"datenschutzerklaerung des anbieters";de;net;0.0007;se;1
https://www.schmidt-vogt.de/de/kanzlei/datenschutz/index.html;schmidt-vogt.de;www.schmidt-vogt.de;https://www.video-stream-hosting.com/j/privacy;www.video-stream-hosting.com;https://www.video-stream-hosting.com/j/privacy;de;de;0.0007;de;1
https://uyc-wolfgangsee.at/index.php?start=480;uyc-wolfgangsee.at;uyc-wolfgangsee.at;http://www.video-stream-hosting.com/kunden/pksbronze;www.video-stream-hosting.com;"button webcam";de;at;0.0019;at;1
https://uyc-wolfgangsee.at/index.php?start=480;uyc-wolfgangsee.at;uyc-wolfgangsee.at;http://www.video-stream-hosting.com/kunden/pksbronze;www.video-stream-hosting.com;http://www.video-stream-hosting.com/kunden/pksbronze;de;at;0.0019;at;1
https://upcyclingboerse-hannover.de/4423/upcycling-fortbildung-live-aus-der-ausstellung/;upcyclingboerse-hannover.de;upcyclingboerse-hannover.de;https://www.video-stream-hosting.com;www.video-stream-hosting.com;"unseres video-dienstleisters";de;de;0.0007;de;1
https://upcyclingboerse-hannover.de/4423/upcycling-fortbildung-live-aus-der-ausstellung/;upcyclingboerse-hannover.de;upcyclingboerse-hannover.de;https://www.video-stream-hosting.com;www.video-stream-hosting.com;video-stream-hosting;de;de;0.0007;de;1
https://upcyclingboerse-hannover.de/4423/upcycling-fortbildung-live-aus-der-ausstellung/;upcyclingboerse-hannover.de;upcyclingboerse-hannover.de;https://www.video-stream-hosting.com/;www.video-stream-hosting.com;"unseres video-dienstleisters";de;de;0.0007;de;1
https://upcyclingboerse-hannover.de/4423/upcycling-fortbildung-live-aus-der-ausstellung/;upcyclingboerse-hannover.de;upcyclingboerse-hannover.de;https://www.video-stream-hosting.com/beratung-support/streamtest/;www.video-stream-hosting.com;"auf der testseite unseres dienstleisters";de;de;0.0007;de;1
https://upcyclingboerse-hannover.de/4423/upcycling-fortbildung-live-aus-der-ausstellung/;upcyclingboerse-hannover.de;upcyclingboerse-hannover.de;https://www.video-stream-hosting.com/sicherheit/;www.video-stream-hosting.com;"webseite unseres anbieters";de;de;0.0007;de;1
https://www.mach-meldung.org/datenschutz/;mach-meldung.org;www.mach-meldung.org;https://www.video-stream-hosting.com/datenschutz/;www.video-stream-hosting.com;https://www.video-stream-hosting.com/datenschutz/;--;org;0.0005;ch;1
https://www.lessings-nu.de/kontakt/datenschutz/;lessings-nu.de;www.lessings-nu.de;https://www.video-stream-hosting.com/datenschutz/;www.video-stream-hosting.com;https://www.video-stream-hosting.com/datenschutz/;de;de;0.0005;de;1
https://bergrathsiebert.de/html/impress.php;bergrathsiebert.de;bergrathsiebert.de;https://www.video-stream-hosting.com/datenschutz/;www.video-stream-hosting.com;video-stream-hosting.com/datenschutz/;de;de;0.0005;ch;1
https://www.steuerberatung-berlin.de/de/das_sind_wir/datenschutz/index_ger.html;steuerberatung-berlin.de;www.steuerberatung-berlin.de;https://www.video-stream-hosting.com/j/privacy;www.video-stream-hosting.com;https://www.video-stream-hosting.com/j/privacy;de;de;0.0004;de;0
https://www.bopa.de/datenschutzerklaerung/;bopa.de;www.bopa.de;https://www.video-stream-hosting.com/j/privacy;www.video-stream-hosting.com;https://www.video-stream-hosting.com/j/privacy;de;de;0.0004;at;1
https://wsw-stb.de/datenschutz/;wsw-stb.de;wsw-stb.de;https://www.video-stream-hosting.com/j/privacy;www.video-stream-hosting.com;https://www.video-stream-hosting.com/j/privacy;de;de;0.0004;de;1
https://webzonedirectory.com/most-visited-website-list-1349/;webzonedirectory.com;webzonedirectory.com;https://video-stream-hosting.com/;video-stream-hosting.com;video-stream-hosting;us;com;0.0003;ch;1
https://blog.eparo.de/10-dinge-um-remote-ux-tests-und-workshops-erfolgreich-zu-gestalten;eparo.de;blog.eparo.de;https://www.video-stream-hosting.com/;www.video-stream-hosting.com;blitzvideoserver;--;de;0.013;at;1
https://bentz.de/datenschutzerklaerung/;bentz.de;bentz.de;https://www.video-stream-hosting.com/j/privacy;www.video-stream-hosting.com;https://www.video-stream-hosting.com/j/privacy;de;de;0.0003;de;1
https://worldzonedirectory.com/most-visited-website-list-1349/;worldzonedirectory.com;worldzonedirectory.com;https://video-stream-hosting.com/;video-stream-hosting.com;video-stream-hosting;gb;com;0.0002;at;1
https://shortenurls.eu/share/84169;shortenurls.eu;shortenurls.eu;https://video-stream-hosting.com/;video-stream-hosting.com;video-stream-hosting.com;--;eu;0.0002;nl;0
https://articlement.com/market-online-for-free-215/;articlement.com;articlement.com;https://video-stream-hosting.com/;video-stream-hosting.com;video-stream-hosting;us;com;0.0002;uk;1
https://www.stb-eissner.de/datenschutz/;stb-eissner.de;www.stb-eissner.de;https://www.video-stream-hosting.com/j/privacy;www.video-stream-hosting.com;https://www.video-stream-hosting.com/j/privacy;de;de;0.0001;de;1
https://www.peters-gruf.de/datenschutz.html;peters-gruf.de;www.peters-gruf.de;https://www.video-stream-hosting.com/j/privacy;www.video-stream-hosting.com;https://www.video-stream-hosting.com/j/privacy;de;de;0.0017;ch;1
https://www.js-steuerberater.de/datenschutz.html;js-steuerberater.de;www.js-steuerberater.de;https://www.video-stream-hosting.com/;www.video-stream-hosting.com;https://www.video-stream-hosting.com/;de;de;0.0001;de;1
https://www.dithmer-mohr.de/de/kanzlei/impressum/;dithmer-mohr.de;www.dithmer-mohr.de;https://www.video-stream-hosting.com/j/privacy;www.video-stream-hosting.com;https://www.video-stream-hosting.com/j/privacy;de;de;0.0001;de;1
https://www.alem-festsaal.de/datenschutzerklaerung/;alem-festsaal.de;www.alem-festsaal.de;https://www.video-stream-hosting.com/;www.video-stream-hosting.com;https://www.video-stream-hosting.com/;de;de;0.0001;de;1
https://topdomaindirectory.com/most-visited-website-list-1644/;topdomaindirectory.com;topdomaindirectory.com;https://video-stream-hosting.com/;video-stream-hosting.com;video-stream-hosting;gb;com;0.0001;se;1
https://socialzonedirectory.com/most-visited-website-list-1349/;socialzonedirectory.com;socialzonedirectory.com;https://video-stream-hosting.com/;video-stream-hosting.com;video-stream-hosting;us;com;0.0001;at;1
https://meinesweges.de/datenschutzerklaerung/;meinesweges.de;meinesweges.de;https://www.video-stream-hosting.com/datenschutz/;www.video-stream-hosting.com;https://www.video-stream-hosting.com/datenschutz/;us;de;0.0001;de;0
https://ihr-teststudio.de/;ihr-teststudio.de;ihr-teststudio.de;https://www.video-stream-hosting.com;www.video-stream-hosting.com;https://www.video-stream-hosting.com/;--;com;0.0001;de;1
https://ihr-teststudio.de/;ihr-teststudio.de;ihr-teststudio.de;https://www.video-stream-hosting.com/j/privacy;www.video-stream-hosting.com;"in der datenschutzerklaerung von vsh";--;com;0.0001;de;1
https://heimkinofan.de/ipad-auf-apple-tv-spiegeln/;heimkinofan.de;heimkinofan.de;https://www.video-stream-hosting.com/video-streaming/youtube-oder-eigener-streamingserver/;www.video-stream-hosting.com;"automatischen video-streamings";de;de;0.0001;de;1
https://grundgesetzlich.org/podcast/datenschutzerklaerung/;grundgesetzlich.org;grundgesetzlich.org;https://www.video-stream-hosting.com/;www.video-stream-hosting.com;https://www.video-stream-hosting.com/;ir;org;0.0001;de;1
https://goetze-steuerberater.de/datenschutzerklaerung/;goetze-steuerberater.de;goetze-steuerberater.de;https://www.video-stream-hosting.com/j/privacy;www.video-stream-hosting.com;https://www.video-stream-hosting.com/j/privacy;nl;de;0.0001;de;0
https://zipzyx.com/keyword-elite-google-adwords-keyword-tool-which-is-better/;zipzyx.com;zipzyx.com;https://video-stream-hosting.com/;video-stream-hosting.com;video-stream-hosting;us;com;0;;1
https://ziptet.com/keyword-elite-google-adwords-keyword-tool-which-is-better/;ziptet.com;ziptet.com;https://video-stream-hosting.com/;video-stream-hosting.com;video-stream-hosting;us;com;0;;1
https://yexhub.com/keyword-elite-google-adwords-keyword-tool-which-is-better/;yexhub.com;yexhub.com;https://video-stream-hosting.com/;video-stream-hosting.com;video-stream-hosting;us;com;0;ch;1
https://yelpdirectory.com/directory-website-list-1349-rank-higher-201/;yelpdirectory.com;yelpdirectory.com;https://video-stream-hosting.com/;video-stream-hosting.com;video-stream-hosting;us;com;0;;1
http://www.video-stream-hosting.de/;video-stream-hosting.de;www.video-stream-hosting.de;https://www.video-stream-hosting.com/;www.video-stream-hosting.com;;de;de;0;;1
http://www.tele-vizyon.de/;tele-vizyon.de;www.tele-vizyon.de;http://www.video-stream-hosting.com/;www.video-stream-hosting.com;"video stream hosting";de;de;0;de;1
http://www.tele-vizyon.de;tele-vizyon.de;www.tele-vizyon.de;http://www.video-stream-hosting.com/;www.video-stream-hosting.com;"video stream hosting";de;de;0;de;1
https://www.spd-fuer-ebersberg.de/datenschutz/;spd-fuer-ebersberg.de;www.spd-fuer-ebersberg.de;https://www.video-stream-hosting.com/;www.video-stream-hosting.com;video-stream-hosting;de;de;0;;0
https://www.sandberg-kollegen.de/datenschutz.html;sandberg-kollegen.de;www.sandberg-kollegen.de;https://www.video-stream-hosting.com/j/privacy;www.video-stream-hosting.com;www.video-stream-hosting.com/j/privacy;in;de;0;de;1
https://www.saaremaamerispordiselts.ee/marie-pihlas-alustas-zoom8-mmi-hasti/;saaremaamerispordiselts.ee;www.saaremaamerispordiselts.ee;http://www.video-stream-hosting.com/kunden/pksbronze;www.video-stream-hosting.com;reaalajas;ee;ee;0;;1
https://www.medienportal-sachsen-anhalt.de/datenschutzerklaerung.html;medienportal-sachsen-anhalt.de;www.medienportal-sachsen-anhalt.de;https://www.video-stream-hosting.com/j/privacy;www.video-stream-hosting.com;https://www.video-stream-hosting.com/j/privacy;de;de;0.0077;de;1
https://www.johann-steuerberater.de/ueber_uns/datenschutz/datenschutzerkl%C3%A4rung_internetauftritt/app_ger.html;johann-steuerberater.de;www.johann-steuerberater.de;https://www.video-stream-hosting.com/;www.video-stream-hosting.com;https://www.video-stream-hosting.com/;de;de;0;;1
https://www.ihr-teststudio.de/;ihr-teststudio.de;www.ihr-teststudio.de;https://www.video-stream-hosting.com/j/privacy;www.video-stream-hosting.com;"in der datenschutzerklaerung von vsh";de;de;0.0001;de;1
https://www.holgermarek.de/de/kanzlei/impressum_haftung/;holgermarek.de;www.holgermarek.de;https://www.video-stream-hosting.com/j/privacy;www.video-stream-hosting.com;https://www.video-stream-hosting.com/j/privacy;de;de;0;;1
https://www.globalnetwork.in/domains/286817/e20f1177ba3ef9d5a8e38ecb379c1b73/;globalnetwork.in;www.globalnetwork.in;https://video-stream-hosting.com/;video-stream-hosting.com;video-stream-hosting.com;us;in;0;;0
https://www.bergrathsiebert.de/html/impress.php;bergrathsiebert.de;www.bergrathsiebert.de;https://www.video-stream-hosting.com/datenschutz/;www.video-stream-hosting.com;video-stream-hosting.com/datenschutz/;de;de;0.0005;ch;1
https://www.bergrathsiebert.com/html/impress.php;bergrathsiebert.com;www.bergrathsiebert.com;https://www.video-stream-hosting.com/datenschutz/;www.video-stream-hosting.com;video-stream-hosting.com/datenschutz/;de;com;0;;1
https://www-video--stream--hosting-com.translate.goog/untertitel-videos/?_x_tr_sl=de&_x_tr_tl=en&_x_tr_hl=de&_x_tr_pto=wapp;translate.goog;www-video--stream--hosting-com.translate.goog;https://www.video-stream-hosting.com/untertitel-videos/;www.video-stream-hosting.com;;us;goog;0;;1
https://worldwidetoparticle.com/most-visited-website-list-1644/;worldwidetoparticle.com;worldwidetoparticle.com;https://video-stream-hosting.com/;video-stream-hosting.com;video-stream-hosting;gb;com;0;;1
https://worldwebsitesdirectory.com/most-visited-website-list-1644/;worldwebsitesdirectory.com;worldwebsitesdirectory.com;https://video-stream-hosting.com/;video-stream-hosting.com;video-stream-hosting;gb;com;0;;1
https://worldtopwebsite.com/most-visited-website-list-1349/;worldtopwebsite.com;worldtopwebsite.com;https://video-stream-hosting.com/;video-stream-hosting.com;video-stream-hosting;us;com;0;;1
https://worldsitedirectory.com/most-visited-website-list-1644/;worldsitedirectory.com;worldsitedirectory.com;https://video-stream-hosting.com/;video-stream-hosting.com;video-stream-hosting;us;com;0;;1
https://worldseodirectory.com/directory-website-list-1349/;worldseodirectory.com;worldseodirectory.com;https://video-stream-hosting.com/;video-stream-hosting.com;video-stream-hosting;gb;com;0;;1
https://worldmarketingdirectoy.com/most-visited-website-list-1644/;worldmarketingdirectoy.com;worldmarketingdirectoy.com;https://video-stream-hosting.com/;video-stream-hosting.com;video-stream-hosting;us;com;0;;1
https://websiteslinkdirectory.com/most-visited-website-list-1644/;websiteslinkdirectory.com;websiteslinkdirectory.com;https://video-stream-hosting.com/;video-stream-hosting.com;video-stream-hosting;us;com;0;;1
https://websites.freemyip.com/share/84168;freemyip.com;websites.freemyip.com;https://video-stream-hosting.com/;video-stream-hosting.com;video-stream-hosting.com;fi;com;0.0055;id;0
https://websitedirectoy.com/most-visited-website-list-1644/;websitedirectoy.com;websitedirectoy.com;https://video-stream-hosting.com/;video-stream-hosting.com;video-stream-hosting;us;com;0;;1
https://webreviewsdirectory.com/most-visited-website-list-1349/;webreviewsdirectory.com;webreviewsdirectory.com;https://video-stream-hosting.com/;video-stream-hosting.com;video-stream-hosting;gb;com;0;;1
https://webpostdirectory.com/most-visited-website-list-1349/;webpostdirectory.com;webpostdirectory.com;https://video-stream-hosting.com/;video-stream-hosting.com;video-stream-hosting;us;com;0;;1
https://webguestpostsdirectory.com/most-visited-website-list-1349/;webguestpostsdirectory.com;webguestpostsdirectory.com;https://video-stream-hosting.com/;video-stream-hosting.com;video-stream-hosting;us;com;0;de;1
https://webgoz.com/keyword-elite-google-adwords-keyword-tool-which-is-better/;webgoz.com;webgoz.com;https://video-stream-hosting.com/;video-stream-hosting.com;video-stream-hosting;us;com;0;;1
https://webbranddirectory.com/most-visited-website-list-1644/;webbranddirectory.com;webbranddirectory.com;https://video-stream-hosting.com/;video-stream-hosting.com;video-stream-hosting;gb;com;0;;1
https://web.thecloudherald.com/04/bSjLqrDiAS;thecloudherald.com;web.thecloudherald.com;https://video-stream-hosting.com/;video-stream-hosting.com;"visit video-stream-hosting.com for latest info";us;com;0;uk;0
https://web.businessvocal.com/04/bSjLqrDiAS;businessvocal.com;web.businessvocal.com;https://video-stream-hosting.com/;video-stream-hosting.com;"visit video-stream-hosting.com for latest info";--;com;0;;0
https://viralzonedirectory.com/most-visited-website-list-1349/;viralzonedirectory.com;viralzonedirectory.com;https://video-stream-hosting.com/;video-stream-hosting.com;video-stream-hosting;us;com;0;;1
https://vewnet.com/keyword-elite-google-adwords-keyword-tool-which-is-better/;vewnet.com;vewnet.com;https://video-stream-hosting.com/;video-stream-hosting.com;video-stream-hosting;us;com;0;;1
https://usaseodirectory.com/directory-website-list-1349-rank-higher-201/;usaseodirectory.com;usaseodirectory.com;https://video-stream-hosting.com/;video-stream-hosting.com;video-stream-hosting;us;com;0;;1
https://urls-shortener.eu/share/84168;urls-shortener.eu;urls-shortener.eu;https://video-stream-hosting.com/;video-stream-hosting.com;video-stream-hosting.com;--;eu;0;;0
https://www.trillium.de/datenschutzerklaerung.html;trillium.de;trillium.de;https://www.video-stream-hosting.com/;www.video-stream-hosting.com;https://www.video-stream-hosting.com/;de;de;0.7313;ch;1
https://www.trillium.de/datenschutzerklaerung.html;trillium.de;trillium.de;https://www.video-stream-hosting.com/j/privacy;www.video-stream-hosting.com;www.video-stream-hosting.com/j/privacy;de;de;0.7313;ch;1
https://traffichubdirectory.com/directory-website-list-1644/;traffichubdirectory.com;traffichubdirectory.com;https://video-stream-hosting.com/;video-stream-hosting.com;video-stream-hosting;gb;com;0;;1
https://topworlddirectory.com/most-visited-website-list-1349/;topworlddirectory.com;topworlddirectory.com;https://video-stream-hosting.com/;video-stream-hosting.com;video-stream-hosting;gb;com;0;;1
https://topviraldirectory.com/most-visited-website-list-1349/;topviraldirectory.com;topviraldirectory.com;https://video-stream-hosting.com/;video-stream-hosting.com;video-stream-hosting;gb;com;0;;1
https://toptierdirectory.com/directory-website-list-1349/;toptierdirectory.com;toptierdirectory.com;https://video-stream-hosting.com/;video-stream-hosting.com;video-stream-hosting;us;com;0;;1
https://topsiterankdirectory.com/directory-website-list-1349-rank-higher-201/;topsiterankdirectory.com;topsiterankdirectory.com;https://video-stream-hosting.com/;video-stream-hosting.com;video-stream-hosting;us;com;0;;1
https://topsitedirectoy.com/most-visited-website-list-1349/;topsitedirectoy.com;topsitedirectoy.com;https://video-stream-hosting.com/;video-stream-hosting.com;video-stream-hosting;us;com;0;;1
https://topmarketingdirectory.com/directory-website-list-1349/;topmarketingdirectory.com;topmarketingdirectory.com;https://video-stream-hosting.com/;video-stream-hosting.com;video-stream-hosting;us;com;0;;1
https://topbilliondirectory.com/website-new-list902/;topbilliondirectory.com;topbilliondirectory.com;https://video-stream-hosting.com/;video-stream-hosting.com;video-stream-hosting;us;com;0;;1
https://www.thg-kiel.net/da/Datenschutz/;thg-kiel.net;thg-kiel.net;https://www.video-stream-hosting.com/j/privacy;www.video-stream-hosting.com;;de;net;0.0007;se;1
https://www.thg-kiel.net/de/Datenschutz/;thg-kiel.net;thg-kiel.net;https://www.video-stream-hosting.com/j/privacy;www.video-stream-hosting.com;"datenschutzerklaerung des anbieters";de;net;0.0007;se;1
https://themasterdirectory.com/directory-website-list-1349/;themasterdirectory.com;themasterdirectory.com;https://video-stream-hosting.com/;video-stream-hosting.com;video-stream-hosting;us;com;0;;1
https://thedirectoryportal.com/directory-website-list-1349/;thedirectoryportal.com;thedirectoryportal.com;https://video-stream-hosting.com/;video-stream-hosting.com;video-stream-hosting;us;com;0;;1
http://tele-vizyon.de/;tele-vizyon.de;tele-vizyon.de;http://www.video-stream-hosting.com/;www.video-stream-hosting.com;"video stream hosting";de;de;0;de;1
https://sureprofitscoach.com/most-visited-website-list-1349/;sureprofitscoach.com;sureprofitscoach.com;https://video-stream-hosting.com/;video-stream-hosting.com;video-stream-hosting;gb;com;0;;1
https://streamtalk.de/f/user-post-list/785-jojones/?pageNo=80;streamtalk.de;streamtalk.de;https://www.video-stream-hosting.com/beratung-support/technische-tipps/;www.video-stream-hosting.com;https://www.video-stream-hosti...support/technische-tipps/;de;de;0;;0
https://streamtalk.de/f/thread/1311-pc-f%C3%BCr-x264-encoding-gesucht-obs-und-ndi/?pageNo=2;streamtalk.de;streamtalk.de;https://www.video-stream-hosting.com/beratung-support/technische-tipps/;www.video-stream-hosting.com;https://www.video-stream-hosti...support/technische-tipps/;de;de;0;;0
https://streamslive.de/;streamslive.de;streamslive.de;https://www.video-stream-hosting.com/;www.video-stream-hosting.com;;de;de;0;;1
https://streamingnow.de/;streamingnow.de;streamingnow.de;https://www.video-stream-hosting.com/;www.video-stream-hosting.com;;de;de;0;de;1
http://streamabruf.com/;streamabruf.com;streamabruf.com;https://video-stream-hosting.com/;video-stream-hosting.com;;de;com;0;;1
https://stream-service.net/datenschutz/;stream-service.net;stream-service.net;https://www.video-stream-hosting.com/datenschutz/;www.video-stream-hosting.com;https://www.video-stream-hosting.com/datenschutz/;de;net;0;;1
http://stream-abruf.com/;stream-abruf.com;stream-abruf.com;https://video-stream-hosting.com/;video-stream-hosting.com;;de;com;0;;1
https://www.steuerberater-rusche.de/de/kanzlei/datenschutzerkl%C3%A4rung/index.html;steuerberater-rusche.de;steuerberater-rusche.de;https://www.video-stream-hosting.com/j/privacy;www.video-stream-hosting.com;https://www.video-stream-hosting.com/j/privacy;de;de;0.0006;ch;0
https://www.steuerberater-marks-meyer.de/datenschutzerklaerung/;steuerberater-marks-meyer.de;steuerberater-marks-meyer.de;https://www.video-stream-hosting.com/j/privacy;www.video-stream-hosting.com;https://www.video-stream-hosting.com/j/privacy;de;de;0.0103;de;0
https://www.steuerberater-fuhrmann.de/impressum/index.html;steuerberater-fuhrmann.de;steuerberater-fuhrmann.de;https://www.video-stream-hosting.com/j/privacy;www.video-stream-hosting.com;https://www.video-stream-hosting.com/j/privacy;de;de;0;ch;0
https://startsstreaming.live/;startsstreaming.live;startsstreaming.live;https://www.video-stream-hosting.com/;www.video-stream-hosting.com;;de;live;0;;1
https://startsstreaming.de/;startsstreaming.de;startsstreaming.de;https://www.video-stream-hosting.com/;www.video-stream-hosting.com;;de;de;0;;1
http://start-stream.com/;start-stream.com;start-stream.com;https://video-stream-hosting.com/;video-stream-hosting.com;;de;com;0;;1
https://socialwebdirectory.com/most-visited-website-list-1349/;socialwebdirectory.com;socialwebdirectory.com;https://video-stream-hosting.com/;video-stream-hosting.com;video-stream-hosting;us;com;0;;1
https://snapiy.com/keyword-elite-google-adwords-keyword-tool-which-is-better/;snapiy.com;snapiy.com;https://video-stream-hosting.com/;video-stream-hosting.com;video-stream-hosting;us;com;0;de;1
https://smartwaydirectory.com/most-visited-website-list-1349/;smartwaydirectory.com;smartwaydirectory.com;https://video-stream-hosting.com/;video-stream-hosting.com;video-stream-hosting;us;com;0;;1
https://smartdirectoryhub.com/directory-website-list-1349/;smartdirectoryhub.com;smartdirectoryhub.com;https://video-stream-hosting.com/;video-stream-hosting.com;video-stream-hosting;us;com;0;;1
https://sites.loseyourip.com/share/84169;loseyourip.com;sites.loseyourip.com;https://video-stream-hosting.com/;video-stream-hosting.com;video-stream-hosting.com;--;com;0;;0
https://seowebsitesdirectory.com/most-visited-website-list-1644/;seowebsitesdirectory.com;seowebsitesdirectory.com;https://video-stream-hosting.com/;video-stream-hosting.com;video-stream-hosting;gb;com;0;;1
https://seotrafficdirectory.com/directory-website-list-1644/;seotrafficdirectory.com;seotrafficdirectory.com;https://video-stream-hosting.com/;video-stream-hosting.com;video-stream-hosting;gb;com;0;;1
https://seotechdirectory.com/directory-website-list-1644/;seotechdirectory.com;seotechdirectory.com;https://video-stream-hosting.com/;video-stream-hosting.com;video-stream-hosting;us;com;0;;1
https://seotech2.com/free-website-list-180001-to-185000/;seotech2.com;seotech2.com;https://video-stream-hosting.com/;video-stream-hosting.com;https://video-stream-hosting.com;gb;com;0;;1
https://seodirectorypro.com/directory-website-list-1644/;seodirectorypro.com;seodirectorypro.com;https://video-stream-hosting.com/;video-stream-hosting.com;video-stream-hosting;gb;com;0;;1
https://seobooastdirectory.com/directory-website-list-1349/;seobooastdirectory.com;seobooastdirectory.com;https://video-stream-hosting.com/;video-stream-hosting.com;video-stream-hosting;us;com;0;;1
https://seobacklinkdirectory.com/directory-website-list-1644-business-growth-892/;seobacklinkdirectory.com;seobacklinkdirectory.com;https://video-stream-hosting.com/;video-stream-hosting.com;video-stream-hosting;us;com;0;;1
https://seo-high-ranking.shop/continuous-seo-improvement-seo-high-ranking-20547/;seo-high-ranking.shop;seo-high-ranking.shop;https://video-stream-hosting.com/;video-stream-hosting.com;"discover video-stream-hosting.coms seo-high-ranking.shop seo im";us;shop;0;;0
https://seo-anomaly-tokyo.website/germany_proxy_vpn_vps_hosting-09-12-2025/seo-anomaly-germany_proxy_vpn_vps_hosting-1/;seo-anomaly-tokyo.website;seo-anomaly-tokyo.website;https://www.video-stream-hosting.com/;www.video-stream-hosting.com;"telegram @seo_anomaly - seo backlinks, black-links, traffic boos";us;website;0;;0
https://seo-anomaly-tokyo.space/germany_proxy_vpn_vps_hosting-09-12-2025/seo-anomaly-germany_proxy_vpn_vps_hosting-1/;seo-anomaly-tokyo.space;seo-anomaly-tokyo.space;https://www.video-stream-hosting.com/;www.video-stream-hosting.com;"telegram @seo_anomaly - seo backlinks, black-links, traffic boos";us;space;0;;0
https://seo-anomaly-tokyo.site/germany_proxy_vpn_vps_hosting-09-12-2025/seo-anomaly-germany_proxy_vpn_vps_hosting-1/;seo-anomaly-tokyo.site;seo-anomaly-tokyo.site;https://www.video-stream-hosting.com/;www.video-stream-hosting.com;"telegram @seo_anomaly - seo backlinks, black-links, traffic boos";us;site;0;;0
https://seo-anomaly-tokyo.online/germany_proxy_vpn_vps_hosting-09-12-2025/seo-anomaly-germany_proxy_vpn_vps_hosting-3/;seo-anomaly-tokyo.online;seo-anomaly-tokyo.online;https://www.video-stream-hosting.com/streaming-pakete/;www.video-stream-hosting.com;"telegram @seo_anomaly - seo backlinks, black-links, traffic boos";us;online;0;;0
https://seo-anomaly-tianjin.website/germany_proxy_vpn_vps_hosting-09-12-2025/seo-anomaly-germany_proxy_vpn_vps_hosting-1/;seo-anomaly-tianjin.website;seo-anomaly-tianjin.website;https://www.video-stream-hosting.com/;www.video-stream-hosting.com;"telegram @seo_anomaly - seo backlinks, black-links, traffic boos";us;website;0;;0
https://seo-anomaly-tianjin.space/germany_proxy_vpn_vps_hosting-09-12-2025/seo-anomaly-germany_proxy_vpn_vps_hosting-1/;seo-anomaly-tianjin.space;seo-anomaly-tianjin.space;https://www.video-stream-hosting.com/;www.video-stream-hosting.com;"telegram @seo_anomaly - seo backlinks, black-links, traffic boos";us;space;0;;0
https://seo-anomaly-tianjin.site/germany_proxy_vpn_vps_hosting-09-12-2025/seo-anomaly-germany_proxy_vpn_vps_hosting-3/;seo-anomaly-tianjin.site;seo-anomaly-tianjin.site;https://www.video-stream-hosting.com/streaming-pakete/;www.video-stream-hosting.com;"telegram @seo_anomaly - seo backlinks, black-links, traffic boos";us;site;0;;0
https://seo-anomaly-tianjin.online/germany_proxy_vpn_vps_hosting-09-12-2025/seo-anomaly-germany_proxy_vpn_vps_hosting-1/;seo-anomaly-tianjin.online;seo-anomaly-tianjin.online;https://www.video-stream-hosting.com/;www.video-stream-hosting.com;"telegram @seo_anomaly - seo backlinks, black-links, traffic boos";us;online;0;;0
https://seo-anomaly-shenzhen.website/germany_proxy_vpn_vps_hosting-09-12-2025/seo-anomaly-germany_proxy_vpn_vps_hosting-1/;seo-anomaly-shenzhen.website;seo-anomaly-shenzhen.website;https://www.video-stream-hosting.com/;www.video-stream-hosting.com;"telegram @seo_anomaly - seo backlinks, black-links, traffic boos";us;website;0;;0
https://seo-anomaly-shenzhen.space/germany_proxy_vpn_vps_hosting-09-12-2025/seo-anomaly-germany_proxy_vpn_vps_hosting-1/;seo-anomaly-shenzhen.space;seo-anomaly-shenzhen.space;https://www.video-stream-hosting.com/;www.video-stream-hosting.com;"telegram @seo_anomaly - seo backlinks, black-links, traffic boos";us;space;0;;0
https://seo-anomaly-shenzhen.site/germany_proxy_vpn_vps_hosting-09-12-2025/seo-anomaly-germany_proxy_vpn_vps_hosting-1/;seo-anomaly-shenzhen.site;seo-anomaly-shenzhen.site;https://www.video-stream-hosting.com/;www.video-stream-hosting.com;"telegram @seo_anomaly - seo backlinks, black-links, traffic boos";us;site;0;;0
https://seo-anomaly-shenzhen.online/germany_proxy_vpn_vps_hosting-09-12-2025/seo-anomaly-germany_proxy_vpn_vps_hosting-1/;seo-anomaly-shenzhen.online;seo-anomaly-shenzhen.online;https://www.video-stream-hosting.com/;www.video-stream-hosting.com;"telegram @seo_anomaly - seo backlinks, black-links, traffic boos";us;online;0;;0
https://seo-anomaly-shanghai.website/germany_proxy_vpn_vps_hosting-09-12-2025/seo-anomaly-germany_proxy_vpn_vps_hosting-3/;seo-anomaly-shanghai.website;seo-anomaly-shanghai.website;https://www.video-stream-hosting.com/streaming-pakete/;www.video-stream-hosting.com;"telegram @seo_anomaly - seo backlinks, black-links, traffic boos";us;website;0;;0
https://seo-anomaly-shanghai.space/germany_proxy_vpn_vps_hosting-09-12-2025/seo-anomaly-germany_proxy_vpn_vps_hosting-1/;seo-anomaly-shanghai.space;seo-anomaly-shanghai.space;https://www.video-stream-hosting.com/;www.video-stream-hosting.com;"telegram @seo_anomaly - seo backlinks, black-links, traffic boos";us;space;0;;0
https://seo-anomaly-shanghai.site/germany_proxy_vpn_vps_hosting-09-12-2025/seo-anomaly-germany_proxy_vpn_vps_hosting-3/;seo-anomaly-shanghai.site;seo-anomaly-shanghai.site;https://www.video-stream-hosting.com/streaming-pakete/;www.video-stream-hosting.com;"telegram @seo_anomaly - seo backlinks, black-links, traffic boos";us;site;0;;0
https://seo-anomaly-shanghai.online/germany_proxy_vpn_vps_hosting-09-12-2025/seo-anomaly-germany_proxy_vpn_vps_hosting-3/;seo-anomaly-shanghai.online;seo-anomaly-shanghai.online;https://www.video-stream-hosting.com/streaming-pakete/;www.video-stream-hosting.com;"telegram @seo_anomaly - seo backlinks, black-links, traffic boos";us;online;0;;0
https://seo-anomaly-seoul.website/germany_proxy_vpn_vps_hosting-09-12-2025/seo-anomaly-germany_proxy_vpn_vps_hosting-1/;seo-anomaly-seoul.website;seo-anomaly-seoul.website;https://www.video-stream-hosting.com/;www.video-stream-hosting.com;"telegram @seo_anomaly - seo backlinks, black-links, traffic boos";us;website;0;;0
https://seo-anomaly-seoul.space/germany_proxy_vpn_vps_hosting-09-12-2025/seo-anomaly-germany_proxy_vpn_vps_hosting-1/;seo-anomaly-seoul.space;seo-anomaly-seoul.space;https://www.video-stream-hosting.com/;www.video-stream-hosting.com;"telegram @seo_anomaly - seo backlinks, black-links, traffic boos";us;space;0;;0
https://seo-anomaly-seoul.site/germany_proxy_vpn_vps_hosting-09-12-2025/seo-anomaly-germany_proxy_vpn_vps_hosting-1/;seo-anomaly-seoul.site;seo-anomaly-seoul.site;https://www.video-stream-hosting.com/;www.video-stream-hosting.com;"telegram @seo_anomaly - seo backlinks, black-links, traffic boos";us;site;0;;0
https://seo-anomaly-seoul.online/germany_proxy_vpn_vps_hosting-09-12-2025/seo-anomaly-germany_proxy_vpn_vps_hosting-3/;seo-anomaly-seoul.online;seo-anomaly-seoul.online;https://www.video-stream-hosting.com/streaming-pakete/;www.video-stream-hosting.com;"telegram @seo_anomaly - seo backlinks, black-links, traffic boos";us;online;0;;0
https://seo-anomaly-sao-paulo.website/germany_proxy_vpn_vps_hosting-09-12-2025/seo-anomaly-germany_proxy_vpn_vps_hosting-3/;seo-anomaly-sao-paulo.website;seo-anomaly-sao-paulo.website;https://www.video-stream-hosting.com/streaming-pakete/;www.video-stream-hosting.com;"telegram @seo_anomaly - seo backlinks, black-links, traffic boos";us;website;0;;0
https://seo-anomaly-sao-paulo.space/germany_proxy_vpn_vps_hosting-09-12-2025/seo-anomaly-germany_proxy_vpn_vps_hosting-1/;seo-anomaly-sao-paulo.space;seo-anomaly-sao-paulo.space;https://www.video-stream-hosting.com/;www.video-stream-hosting.com;"telegram @seo_anomaly - seo backlinks, black-links, traffic boos";us;space;0;;0
https://seo-anomaly-sao-paulo.site/germany_proxy_vpn_vps_hosting-09-12-2025/seo-anomaly-germany_proxy_vpn_vps_hosting-1/;seo-anomaly-sao-paulo.site;seo-anomaly-sao-paulo.site;https://www.video-stream-hosting.com/;www.video-stream-hosting.com;"telegram @seo_anomaly - seo backlinks, black-links, traffic boos";us;site;0;;0
https://seo-anomaly-sao-paulo.online/germany_proxy_vpn_vps_hosting-09-12-2025/seo-anomaly-germany_proxy_vpn_vps_hosting-1/;seo-anomaly-sao-paulo.online;seo-anomaly-sao-paulo.online;https://www.video-stream-hosting.com/;www.video-stream-hosting.com;"telegram @seo_anomaly - seo backlinks, black-links, traffic boos";us;online;0;;0
https://seo-anomaly-rio.website/germany_proxy_vpn_vps_hosting-09-12-2025/seo-anomaly-germany_proxy_vpn_vps_hosting-1/;seo-anomaly-rio.website;seo-anomaly-rio.website;https://www.video-stream-hosting.com/;www.video-stream-hosting.com;"telegram @seo_anomaly - seo backlinks, black-links, traffic boos";us;website;0;;0
https://seo-anomaly-rio.space/germany_proxy_vpn_vps_hosting-09-12-2025/seo-anomaly-germany_proxy_vpn_vps_hosting-1/;seo-anomaly-rio.space;seo-anomaly-rio.space;https://www.video-stream-hosting.com/;www.video-stream-hosting.com;"telegram @seo_anomaly - seo backlinks, black-links, traffic boos";us;space;0;;0
https://seo-anomaly-rio.site/germany_proxy_vpn_vps_hosting-09-12-2025/seo-anomaly-germany_proxy_vpn_vps_hosting-1/;seo-anomaly-rio.site;seo-anomaly-rio.site;https://www.video-stream-hosting.com/;www.video-stream-hosting.com;"telegram @seo_anomaly - seo backlinks, black-links, traffic boos";us;site;0;;0
https://seo-anomaly-rio.online/germany_proxy_vpn_vps_hosting-09-12-2025/seo-anomaly-germany_proxy_vpn_vps_hosting-1/;seo-anomaly-rio.online;seo-anomaly-rio.online;https://www.video-stream-hosting.com/;www.video-stream-hosting.com;"telegram @seo_anomaly - seo backlinks, black-links, traffic boos";us;online;0;;0
https://seo-anomaly-osaka.website/germany_proxy_vpn_vps_hosting-09-12-2025/seo-anomaly-germany_proxy_vpn_vps_hosting-1/;seo-anomaly-osaka.website;seo-anomaly-osaka.website;https://www.video-stream-hosting.com/;www.video-stream-hosting.com;"telegram @seo_anomaly - seo backlinks, black-links, traffic boos";us;website;0;;0
https://seo-anomaly-osaka.space/germany_proxy_vpn_vps_hosting-09-12-2025/seo-anomaly-germany_proxy_vpn_vps_hosting-1/;seo-anomaly-osaka.space;seo-anomaly-osaka.space;https://www.video-stream-hosting.com/;www.video-stream-hosting.com;"telegram @seo_anomaly - seo backlinks, black-links, traffic boos";us;space;0;;0
https://seo-anomaly-osaka.site/germany_proxy_vpn_vps_hosting-09-12-2025/seo-anomaly-germany_proxy_vpn_vps_hosting-1/;seo-anomaly-osaka.site;seo-anomaly-osaka.site;https://www.video-stream-hosting.com/;www.video-stream-hosting.com;"telegram @seo_anomaly - seo backlinks, black-links, traffic boos";us;site;0;;0
https://seo-anomaly-osaka.online/germany_proxy_vpn_vps_hosting-09-12-2025/seo-anomaly-germany_proxy_vpn_vps_hosting-1/;seo-anomaly-osaka.online;seo-anomaly-osaka.online;https://www.video-stream-hosting.com/;www.video-stream-hosting.com;"telegram @seo_anomaly - seo backlinks, black-links, traffic boos";us;online;0;;0
https://seo-anomaly-mumbai.website/germany_proxy_vpn_vps_hosting-09-12-2025/seo-anomaly-germany_proxy_vpn_vps_hosting-1/;seo-anomaly-mumbai.website;seo-anomaly-mumbai.website;https://www.video-stream-hosting.com/;www.video-stream-hosting.com;"telegram @seo_anomaly - seo backlinks, black-links, traffic boos";us;website;0;;0
https://seo-anomaly-mumbai.space/germany_proxy_vpn_vps_hosting-09-12-2025/seo-anomaly-germany_proxy_vpn_vps_hosting-1/;seo-anomaly-mumbai.space;seo-anomaly-mumbai.space;https://www.video-stream-hosting.com/;www.video-stream-hosting.com;"telegram @seo_anomaly - seo backlinks, black-links, traffic boos";us;space;0;;0
https://seo-anomaly-mumbai.site/germany_proxy_vpn_vps_hosting-09-12-2025/seo-anomaly-germany_proxy_vpn_vps_hosting-1/;seo-anomaly-mumbai.site;seo-anomaly-mumbai.site;https://www.video-stream-hosting.com/;www.video-stream-hosting.com;"telegram @seo_anomaly - seo backlinks, black-links, traffic boos";us;site;0;;0
https://seo-anomaly-mumbai.online/germany_proxy_vpn_vps_hosting-09-12-2025/seo-anomaly-germany_proxy_vpn_vps_hosting-1/;seo-anomaly-mumbai.online;seo-anomaly-mumbai.online;https://www.video-stream-hosting.com/;www.video-stream-hosting.com;"telegram @seo_anomaly - seo backlinks, black-links, traffic boos";us;online;0;;0
https://seo-anomaly-moscow.website/germany_proxy_vpn_vps_hosting-09-12-2025/seo-anomaly-germany_proxy_vpn_vps_hosting-1/;seo-anomaly-moscow.website;seo-anomaly-moscow.website;https://www.video-stream-hosting.com/;www.video-stream-hosting.com;"telegram @seo_anomaly - seo backlinks, black-links, traffic boos";us;website;0;;0
https://seo-anomaly-moscow.space/germany_proxy_vpn_vps_hosting-09-12-2025/seo-anomaly-germany_proxy_vpn_vps_hosting-1/;seo-anomaly-moscow.space;seo-anomaly-moscow.space;https://www.video-stream-hosting.com/;www.video-stream-hosting.com;"telegram @seo_anomaly - seo backlinks, black-links, traffic boos";us;space;0;;0
https://seo-anomaly-moscow.site/germany_proxy_vpn_vps_hosting-09-12-2025/seo-anomaly-germany_proxy_vpn_vps_hosting-1/;seo-anomaly-moscow.site;seo-anomaly-moscow.site;https://www.video-stream-hosting.com/;www.video-stream-hosting.com;"telegram @seo_anomaly - seo backlinks, black-links, traffic boos";us;site;0;;0
https://seo-anomaly-moscow.online/germany_proxy_vpn_vps_hosting-09-12-2025/seo-anomaly-germany_proxy_vpn_vps_hosting-1/;seo-anomaly-moscow.online;seo-anomaly-moscow.online;https://www.video-stream-hosting.com/;www.video-stream-hosting.com;"telegram @seo_anomaly - seo backlinks, black-links, traffic boos";us;online;0;;0
https://seo-anomaly-mexico.website/germany_proxy_vpn_vps_hosting-09-12-2025/seo-anomaly-germany_proxy_vpn_vps_hosting-1/;seo-anomaly-mexico.website;seo-anomaly-mexico.website;https://www.video-stream-hosting.com/;www.video-stream-hosting.com;"telegram @seo_anomaly - seo backlinks, black-links, traffic boos";us;website;0;;0
https://seo-anomaly-mexico.space/germany_proxy_vpn_vps_hosting-09-12-2025/seo-anomaly-germany_proxy_vpn_vps_hosting-3/;seo-anomaly-mexico.space;seo-anomaly-mexico.space;https://www.video-stream-hosting.com/streaming-pakete/;www.video-stream-hosting.com;"telegram @seo_anomaly - seo backlinks, black-links, traffic boos";us;space;0;;0
https://seo-anomaly-mexico.site/germany_proxy_vpn_vps_hosting-09-12-2025/seo-anomaly-germany_proxy_vpn_vps_hosting-1/;seo-anomaly-mexico.site;seo-anomaly-mexico.site;https://www.video-stream-hosting.com/;www.video-stream-hosting.com;"telegram @seo_anomaly - seo backlinks, black-links, traffic boos";us;site;0;;0
https://seo-anomaly-mexico.online/germany_proxy_vpn_vps_hosting-09-12-2025/seo-anomaly-germany_proxy_vpn_vps_hosting-1/;seo-anomaly-mexico.online;seo-anomaly-mexico.online;https://www.video-stream-hosting.com/;www.video-stream-hosting.com;"telegram @seo_anomaly - seo backlinks, black-links, traffic boos";us;online;0;;0
https://seo-anomaly-manila.website/germany_proxy_vpn_vps_hosting-09-12-2025/seo-anomaly-germany_proxy_vpn_vps_hosting-1/;seo-anomaly-manila.website;seo-anomaly-manila.website;https://www.video-stream-hosting.com/;www.video-stream-hosting.com;"telegram @seo_anomaly - seo backlinks, black-links, traffic boos";us;website;0;;0
https://seo-anomaly-manila.space/germany_proxy_vpn_vps_hosting-09-12-2025/seo-anomaly-germany_proxy_vpn_vps_hosting-1/;seo-anomaly-manila.space;seo-anomaly-manila.space;https://www.video-stream-hosting.com/;www.video-stream-hosting.com;"telegram @seo_anomaly - seo backlinks, black-links, traffic boos";us;space;0;;0
https://seo-anomaly-manila.site/germany_proxy_vpn_vps_hosting-09-12-2025/seo-anomaly-germany_proxy_vpn_vps_hosting-3/;seo-anomaly-manila.site;seo-anomaly-manila.site;https://www.video-stream-hosting.com/streaming-pakete/;www.video-stream-hosting.com;"telegram @seo_anomaly - seo backlinks, black-links, traffic boos";us;site;0;;0
https://seo-anomaly-manila.online/germany_proxy_vpn_vps_hosting-09-12-2025/seo-anomaly-germany_proxy_vpn_vps_hosting-1/;seo-anomaly-manila.online;seo-anomaly-manila.online;https://www.video-stream-hosting.com/;www.video-stream-hosting.com;"telegram @seo_anomaly - seo backlinks, black-links, traffic boos";us;online;0;;0
https://seo-anomaly-los-angeles.website/germany_proxy_vpn_vps_hosting-09-12-2025/seo-anomaly-germany_proxy_vpn_vps_hosting-1/;seo-anomaly-los-angeles.website;seo-anomaly-los-angeles.website;https://www.video-stream-hosting.com/;www.video-stream-hosting.com;"telegram @seo_anomaly - seo backlinks, black-links, traffic boos";us;website;0;;0
https://seo-anomaly-los-angeles.space/germany_proxy_vpn_vps_hosting-09-12-2025/seo-anomaly-germany_proxy_vpn_vps_hosting-1/;seo-anomaly-los-angeles.space;seo-anomaly-los-angeles.space;https://www.video-stream-hosting.com/;www.video-stream-hosting.com;"telegram @seo_anomaly - seo backlinks, black-links, traffic boos";us;space;0;;0
https://seo-anomaly-los-angeles.site/germany_proxy_vpn_vps_hosting-09-12-2025/seo-anomaly-germany_proxy_vpn_vps_hosting-1/;seo-anomaly-los-angeles.site;seo-anomaly-los-angeles.site;https://www.video-stream-hosting.com/;www.video-stream-hosting.com;"telegram @seo_anomaly - seo backlinks, black-links, traffic boos";us;site;0;;0
https://seo-anomaly-los-angeles.online/germany_proxy_vpn_vps_hosting-09-12-2025/seo-anomaly-germany_proxy_vpn_vps_hosting-1/;seo-anomaly-los-angeles.online;seo-anomaly-los-angeles.online;https://www.video-stream-hosting.com/;www.video-stream-hosting.com;"telegram @seo_anomaly - seo backlinks, black-links, traffic boos";us;online;0;;0
https://seo-anomaly-lahore.website/germany_proxy_vpn_vps_hosting-09-12-2025/seo-anomaly-germany_proxy_vpn_vps_hosting-1/;seo-anomaly-lahore.website;seo-anomaly-lahore.website;https://www.video-stream-hosting.com/;www.video-stream-hosting.com;"telegram @seo_anomaly - seo backlinks, black-links, traffic boos";us;website;0;;0
https://seo-anomaly-lahore.space/germany_proxy_vpn_vps_hosting-09-12-2025/seo-anomaly-germany_proxy_vpn_vps_hosting-1/;seo-anomaly-lahore.space;seo-anomaly-lahore.space;https://www.video-stream-hosting.com/;www.video-stream-hosting.com;"telegram @seo_anomaly - seo backlinks, black-links, traffic boos";us;space;0;;0
https://seo-anomaly-lahore.site/germany_proxy_vpn_vps_hosting-09-12-2025/seo-anomaly-germany_proxy_vpn_vps_hosting-1/;seo-anomaly-lahore.site;seo-anomaly-lahore.site;https://www.video-stream-hosting.com/;www.video-stream-hosting.com;"telegram @seo_anomaly - seo backlinks, black-links, traffic boos";us;site;0;;0
https://seo-anomaly-lahore.online/germany_proxy_vpn_vps_hosting-09-12-2025/seo-anomaly-germany_proxy_vpn_vps_hosting-1/;seo-anomaly-lahore.online;seo-anomaly-lahore.online;https://www.video-stream-hosting.com/;www.video-stream-hosting.com;"telegram @seo_anomaly - seo backlinks, black-links, traffic boos";us;online;0;;0
https://seo-anomaly-lagos.website/germany_proxy_vpn_vps_hosting-09-12-2025/seo-anomaly-germany_proxy_vpn_vps_hosting-1/;seo-anomaly-lagos.website;seo-anomaly-lagos.website;https://www.video-stream-hosting.com/;www.video-stream-hosting.com;"telegram @seo_anomaly - seo backlinks, black-links, traffic boos";us;website;0;;0
https://seo-anomaly-lagos.space/germany_proxy_vpn_vps_hosting-09-12-2025/seo-anomaly-germany_proxy_vpn_vps_hosting-3/;seo-anomaly-lagos.space;seo-anomaly-lagos.space;https://www.video-stream-hosting.com/streaming-pakete/;www.video-stream-hosting.com;"telegram @seo_anomaly - seo backlinks, black-links, traffic boos";us;space;0;;0
https://seo-anomaly-lagos.online/germany_proxy_vpn_vps_hosting-09-12-2025/seo-anomaly-germany_proxy_vpn_vps_hosting-1/;seo-anomaly-lagos.online;seo-anomaly-lagos.online;https://www.video-stream-hosting.com/;www.video-stream-hosting.com;"telegram @seo_anomaly - seo backlinks, black-links, traffic boos";us;online;0;;0
https://seo-anomaly-kolkata.website/germany_proxy_vpn_vps_hosting-09-12-2025/seo-anomaly-germany_proxy_vpn_vps_hosting-1/;seo-anomaly-kolkata.website;seo-anomaly-kolkata.website;https://www.video-stream-hosting.com/;www.video-stream-hosting.com;"telegram @seo_anomaly - seo backlinks, black-links, traffic boos";us;website;0;;0
https://seo-anomaly-kolkata.space/germany_proxy_vpn_vps_hosting-09-12-2025/seo-anomaly-germany_proxy_vpn_vps_hosting-1/;seo-anomaly-kolkata.space;seo-anomaly-kolkata.space;https://www.video-stream-hosting.com/;www.video-stream-hosting.com;"telegram @seo_anomaly - seo backlinks, black-links, traffic boos";us;space;0;;0
https://seo-anomaly-kolkata.site/germany_proxy_vpn_vps_hosting-09-12-2025/seo-anomaly-germany_proxy_vpn_vps_hosting-1/;seo-anomaly-kolkata.site;seo-anomaly-kolkata.site;https://www.video-stream-hosting.com/;www.video-stream-hosting.com;"telegram @seo_anomaly - seo backlinks, black-links, traffic boos";us;site;0;;0
https://seo-anomaly-kolkata.online/germany_proxy_vpn_vps_hosting-09-12-2025/seo-anomaly-germany_proxy_vpn_vps_hosting-1/;seo-anomaly-kolkata.online;seo-anomaly-kolkata.online;https://www.video-stream-hosting.com/;www.video-stream-hosting.com;"telegram @seo_anomaly - seo backlinks, black-links, traffic boos";us;online;0;;0
https://seo-anomaly-karachi.website/germany_proxy_vpn_vps_hosting-09-12-2025/seo-anomaly-germany_proxy_vpn_vps_hosting-1/;seo-anomaly-karachi.website;seo-anomaly-karachi.website;https://www.video-stream-hosting.com/;www.video-stream-hosting.com;"telegram @seo_anomaly - seo backlinks, black-links, traffic boos";us;website;0;;0
https://seo-anomaly-karachi.space/germany_proxy_vpn_vps_hosting-09-12-2025/seo-anomaly-germany_proxy_vpn_vps_hosting-1/;seo-anomaly-karachi.space;seo-anomaly-karachi.space;https://www.video-stream-hosting.com/;www.video-stream-hosting.com;"telegram @seo_anomaly - seo backlinks, black-links, traffic boos";us;space;0;;0
https://seo-anomaly-karachi.site/germany_proxy_vpn_vps_hosting-09-12-2025/seo-anomaly-germany_proxy_vpn_vps_hosting-1/;seo-anomaly-karachi.site;seo-anomaly-karachi.site;https://www.video-stream-hosting.com/;www.video-stream-hosting.com;"telegram @seo_anomaly - seo backlinks, black-links, traffic boos";us;site;0;;0
https://seo-anomaly-karachi.online/germany_proxy_vpn_vps_hosting-09-12-2025/seo-anomaly-germany_proxy_vpn_vps_hosting-1/;seo-anomaly-karachi.online;seo-anomaly-karachi.online;https://www.video-stream-hosting.com/;www.video-stream-hosting.com;"telegram @seo_anomaly - seo backlinks, black-links, traffic boos";us;online;0;;0
https://seo-anomaly-jakarta.website/germany_proxy_vpn_vps_hosting-09-12-2025/seo-anomaly-germany_proxy_vpn_vps_hosting-1/;seo-anomaly-jakarta.website;seo-anomaly-jakarta.website;https://www.video-stream-hosting.com/;www.video-stream-hosting.com;"telegram @seo_anomaly - seo backlinks, black-links, traffic boos";us;website;0;;0
https://seo-anomaly-jakarta.space/germany_proxy_vpn_vps_hosting-09-12-2025/seo-anomaly-germany_proxy_vpn_vps_hosting-1/;seo-anomaly-jakarta.space;seo-anomaly-jakarta.space;https://www.video-stream-hosting.com/;www.video-stream-hosting.com;"telegram @seo_anomaly - seo backlinks, black-links, traffic boos";us;space;0;;0
https://seo-anomaly-jakarta.site/germany_proxy_vpn_vps_hosting-09-12-2025/seo-anomaly-germany_proxy_vpn_vps_hosting-1/;seo-anomaly-jakarta.site;seo-anomaly-jakarta.site;https://www.video-stream-hosting.com/;www.video-stream-hosting.com;"telegram @seo_anomaly - seo backlinks, black-links, traffic boos";us;site;0;;0
https://seo-anomaly-jakarta.online/germany_proxy_vpn_vps_hosting-09-12-2025/seo-anomaly-germany_proxy_vpn_vps_hosting-1/;seo-anomaly-jakarta.online;seo-anomaly-jakarta.online;https://www.video-stream-hosting.com/;www.video-stream-hosting.com;"telegram @seo_anomaly - seo backlinks, black-links, traffic boos";us;online;0;;0
https://seo-anomaly-istanbul.website/germany_proxy_vpn_vps_hosting-09-12-2025/seo-anomaly-germany_proxy_vpn_vps_hosting-1/;seo-anomaly-istanbul.website;seo-anomaly-istanbul.website;https://www.video-stream-hosting.com/;www.video-stream-hosting.com;"telegram @seo_anomaly - seo backlinks, black-links, traffic boos";us;website;0;;0
https://seo-anomaly-istanbul.space/germany_proxy_vpn_vps_hosting-09-12-2025/seo-anomaly-germany_proxy_vpn_vps_hosting-1/;seo-anomaly-istanbul.space;seo-anomaly-istanbul.space;https://www.video-stream-hosting.com/;www.video-stream-hosting.com;"telegram @seo_anomaly - seo backlinks, black-links, traffic boos";us;space;0;;0
https://seo-anomaly-istanbul.site/germany_proxy_vpn_vps_hosting-09-12-2025/seo-anomaly-germany_proxy_vpn_vps_hosting-1/;seo-anomaly-istanbul.site;seo-anomaly-istanbul.site;https://www.video-stream-hosting.com/;www.video-stream-hosting.com;"telegram @seo_anomaly - seo backlinks, black-links, traffic boos";us;site;0;;0
https://seo-anomaly-istanbul.online/germany_proxy_vpn_vps_hosting-09-12-2025/seo-anomaly-germany_proxy_vpn_vps_hosting-1/;seo-anomaly-istanbul.online;seo-anomaly-istanbul.online;https://www.video-stream-hosting.com/;www.video-stream-hosting.com;"telegram @seo_anomaly - seo backlinks, black-links, traffic boos";us;online;0;;0
https://seo-anomaly-guangzhou.website/germany_proxy_vpn_vps_hosting-09-12-2025/seo-anomaly-germany_proxy_vpn_vps_hosting-1/;seo-anomaly-guangzhou.website;seo-anomaly-guangzhou.website;https://www.video-stream-hosting.com/;www.video-stream-hosting.com;"telegram @seo_anomaly - seo backlinks, black-links, traffic boos";us;website;0;;0
https://seo-anomaly-guangzhou.space/germany_proxy_vpn_vps_hosting-09-12-2025/seo-anomaly-germany_proxy_vpn_vps_hosting-3/;seo-anomaly-guangzhou.space;seo-anomaly-guangzhou.space;https://www.video-stream-hosting.com/streaming-pakete/;www.video-stream-hosting.com;"telegram @seo_anomaly - seo backlinks, black-links, traffic boos";us;space;0;;0
https://seo-anomaly-guangzhou.site/germany_proxy_vpn_vps_hosting-09-12-2025/seo-anomaly-germany_proxy_vpn_vps_hosting-3/;seo-anomaly-guangzhou.site;seo-anomaly-guangzhou.site;https://www.video-stream-hosting.com/streaming-pakete/;www.video-stream-hosting.com;"telegram @seo_anomaly - seo backlinks, black-links, traffic boos";us;site;0;;0
https://seo-anomaly-guangzhou.online/germany_proxy_vpn_vps_hosting-09-12-2025/seo-anomaly-germany_proxy_vpn_vps_hosting-1/;seo-anomaly-guangzhou.online;seo-anomaly-guangzhou.online;https://www.video-stream-hosting.com/;www.video-stream-hosting.com;"telegram @seo_anomaly - seo backlinks, black-links, traffic boos";us;online;0;;0
https://seo-anomaly-dhaka.website/germany_proxy_vpn_vps_hosting-09-12-2025/seo-anomaly-germany_proxy_vpn_vps_hosting-1/;seo-anomaly-dhaka.website;seo-anomaly-dhaka.website;https://www.video-stream-hosting.com/;www.video-stream-hosting.com;"telegram @seo_anomaly - seo backlinks, black-links, traffic boos";us;website;0;;0
https://seo-anomaly-dhaka.space/germany_proxy_vpn_vps_hosting-09-12-2025/seo-anomaly-germany_proxy_vpn_vps_hosting-1/;seo-anomaly-dhaka.space;seo-anomaly-dhaka.space;https://www.video-stream-hosting.com/;www.video-stream-hosting.com;"telegram @seo_anomaly - seo backlinks, black-links, traffic boos";us;space;0;;0
https://seo-anomaly-dhaka.site/germany_proxy_vpn_vps_hosting-09-12-2025/seo-anomaly-germany_proxy_vpn_vps_hosting-1/;seo-anomaly-dhaka.site;seo-anomaly-dhaka.site;https://www.video-stream-hosting.com/;www.video-stream-hosting.com;"telegram @seo_anomaly - seo backlinks, black-links, traffic boos";us;site;0;;0
https://seo-anomaly-dhaka.online/germany_proxy_vpn_vps_hosting-09-12-2025/seo-anomaly-germany_proxy_vpn_vps_hosting-1/;seo-anomaly-dhaka.online;seo-anomaly-dhaka.online;https://www.video-stream-hosting.com/;www.video-stream-hosting.com;"telegram @seo_anomaly - seo backlinks, black-links, traffic boos";us;online;0;;0
https://seo-anomaly-delhi.website/germany_proxy_vpn_vps_hosting-09-12-2025/seo-anomaly-germany_proxy_vpn_vps_hosting-1/;seo-anomaly-delhi.website;seo-anomaly-delhi.website;https://www.video-stream-hosting.com/;www.video-stream-hosting.com;"telegram @seo_anomaly - seo backlinks, black-links, traffic boos";us;website;0;;0
https://seo-anomaly-delhi.space/germany_proxy_vpn_vps_hosting-09-12-2025/seo-anomaly-germany_proxy_vpn_vps_hosting-1/;seo-anomaly-delhi.space;seo-anomaly-delhi.space;https://www.video-stream-hosting.com/;www.video-stream-hosting.com;"telegram @seo_anomaly - seo backlinks, black-links, traffic boos";us;space;0;;0
https://seo-anomaly-delhi.site/germany_proxy_vpn_vps_hosting-09-12-2025/seo-anomaly-germany_proxy_vpn_vps_hosting-1/;seo-anomaly-delhi.site;seo-anomaly-delhi.site;https://www.video-stream-hosting.com/;www.video-stream-hosting.com;"telegram @seo_anomaly - seo backlinks, black-links, traffic boos";us;site;0;;0
https://seo-anomaly-delhi.online/germany_proxy_vpn_vps_hosting-09-12-2025/seo-anomaly-germany_proxy_vpn_vps_hosting-1/;seo-anomaly-delhi.online;seo-anomaly-delhi.online;https://www.video-stream-hosting.com/;www.video-stream-hosting.com;"telegram @seo_anomaly - seo backlinks, black-links, traffic boos";us;online;0;;0
https://seo-anomaly-chongqing.website/germany_proxy_vpn_vps_hosting-09-12-2025/seo-anomaly-germany_proxy_vpn_vps_hosting-1/;seo-anomaly-chongqing.website;seo-anomaly-chongqing.website;https://www.video-stream-hosting.com/;www.video-stream-hosting.com;"telegram @seo_anomaly - seo backlinks, black-links, traffic boos";us;website;0;;0
https://seo-anomaly-chongqing.space/germany_proxy_vpn_vps_hosting-09-12-2025/seo-anomaly-germany_proxy_vpn_vps_hosting-1/;seo-anomaly-chongqing.space;seo-anomaly-chongqing.space;https://www.video-stream-hosting.com/;www.video-stream-hosting.com;"telegram @seo_anomaly - seo backlinks, black-links, traffic boos";us;space;0;;0
https://seo-anomaly-chongqing.site/germany_proxy_vpn_vps_hosting-09-12-2025/seo-anomaly-germany_proxy_vpn_vps_hosting-1/;seo-anomaly-chongqing.site;seo-anomaly-chongqing.site;https://www.video-stream-hosting.com/;www.video-stream-hosting.com;"telegram @seo_anomaly - seo backlinks, black-links, traffic boos";us;site;0;;0
https://seo-anomaly-chongqing.online/germany_proxy_vpn_vps_hosting-09-12-2025/seo-anomaly-germany_proxy_vpn_vps_hosting-1/;seo-anomaly-chongqing.online;seo-anomaly-chongqing.online;https://www.video-stream-hosting.com/;www.video-stream-hosting.com;"telegram @seo_anomaly - seo backlinks, black-links, traffic boos";us;online;0;;0
https://seo-anomaly-cairo.website/germany_proxy_vpn_vps_hosting-09-12-2025/seo-anomaly-germany_proxy_vpn_vps_hosting-1/;seo-anomaly-cairo.website;seo-anomaly-cairo.website;https://www.video-stream-hosting.com/;www.video-stream-hosting.com;"telegram @seo_anomaly - seo backlinks, black-links, traffic boos";us;website;0;;0
https://seo-anomaly-cairo.space/germany_proxy_vpn_vps_hosting-09-12-2025/seo-anomaly-germany_proxy_vpn_vps_hosting-1/;seo-anomaly-cairo.space;seo-anomaly-cairo.space;https://www.video-stream-hosting.com/;www.video-stream-hosting.com;"telegram @seo_anomaly - seo backlinks, black-links, traffic boos";us;space;0;;0
https://seo-anomaly-cairo.site/germany_proxy_vpn_vps_hosting-09-12-2025/seo-anomaly-germany_proxy_vpn_vps_hosting-1/;seo-anomaly-cairo.site;seo-anomaly-cairo.site;https://www.video-stream-hosting.com/;www.video-stream-hosting.com;"telegram @seo_anomaly - seo backlinks, black-links, traffic boos";us;site;0;;0
https://seo-anomaly-cairo.online/germany_proxy_vpn_vps_hosting-09-12-2025/seo-anomaly-germany_proxy_vpn_vps_hosting-1/;seo-anomaly-cairo.online;seo-anomaly-cairo.online;https://www.video-stream-hosting.com/;www.video-stream-hosting.com;"telegram @seo_anomaly - seo backlinks, black-links, traffic boos";us;online;0;;0
https://seo-anomaly-beijing.website/germany_proxy_vpn_vps_hosting-09-12-2025/seo-anomaly-germany_proxy_vpn_vps_hosting-1/;seo-anomaly-beijing.website;seo-anomaly-beijing.website;https://www.video-stream-hosting.com/;www.video-stream-hosting.com;"telegram @seo_anomaly - seo backlinks, black-links, traffic boos";us;website;0;;0
https://seo-anomaly-beijing.space/germany_proxy_vpn_vps_hosting-09-12-2025/seo-anomaly-germany_proxy_vpn_vps_hosting-3/;seo-anomaly-beijing.space;seo-anomaly-beijing.space;https://www.video-stream-hosting.com/streaming-pakete/;www.video-stream-hosting.com;"telegram @seo_anomaly - seo backlinks, black-links, traffic boos";us;space;0;;0
https://seo-anomaly-beijing.site/germany_proxy_vpn_vps_hosting-09-12-2025/seo-anomaly-germany_proxy_vpn_vps_hosting-1/;seo-anomaly-beijing.site;seo-anomaly-beijing.site;https://www.video-stream-hosting.com/;www.video-stream-hosting.com;"telegram @seo_anomaly - seo backlinks, black-links, traffic boos";us;site;0;;0
https://seo-anomaly-beijing.online/germany_proxy_vpn_vps_hosting-09-12-2025/seo-anomaly-germany_proxy_vpn_vps_hosting-1/;seo-anomaly-beijing.online;seo-anomaly-beijing.online;https://www.video-stream-hosting.com/;www.video-stream-hosting.com;"telegram @seo_anomaly - seo backlinks, black-links, traffic boos";us;online;0;;0
https://semrushdirectory.com/directory-website-list-1349/;semrushdirectory.com;semrushdirectory.com;https://video-stream-hosting.com/;video-stream-hosting.com;video-stream-hosting;us;com;0;;1
https://searchstackdirectory.com/directory-website-list-1349/;searchstackdirectory.com;searchstackdirectory.com;https://video-stream-hosting.com/;video-stream-hosting.com;video-stream-hosting;us;com;0;;1
https://www.schuster-ulm.de/impressum/;schuster-ulm.de;schuster-ulm.de;https://www.video-stream-hosting.com/j/privacy;www.video-stream-hosting.com;https://www.video-stream-hosting.com/j/privacy;de;de;0.0016;de;0
https://www.schroeder-kollegen.nrw/datenschutzerklaerung;schroeder-kollegen.nrw;schroeder-kollegen.nrw;https://www.video-stream-hosting.com/datenschutz/;www.video-stream-hosting.com;https://www.video-stream-hosting.com/datenschutz/;de;nrw;0.0001;de;0
https://www.schollmaier.de/datenschutz/;schollmaier.de;schollmaier.de;https://www.video-stream-hosting.com/;www.video-stream-hosting.com;https://www.video-stream-hosting.com/;de;de;0.0017;de;1
https://schmoellerl.cc/videostreamhosting;schmoellerl.cc;schmoellerl.cc;https://www.video-stream-hosting.com/;www.video-stream-hosting.com;;us;cc;0;;1
https://saasdirectorywebsites.com/directory-website-list-1349/;saasdirectorywebsites.com;saasdirectorywebsites.com;https://video-stream-hosting.com/;video-stream-hosting.com;video-stream-hosting;us;com;0;;1
https://ruebor.wixsite.com/me-bildundton/streaming;wixsite.com;ruebor.wixsite.com;https://www.video-stream-hosting.com/;www.video-stream-hosting.com;https://www.video-stream-hosting.com/;--;com;0.0793;vn;1
https://www.rpv-vorpommern.de/datenschutzerklaerung;rpv-vorpommern.de;rpv-vorpommern.de;https://www.video-stream-hosting.com/;www.video-stream-hosting.com;www.video-stream-hosting.com;--;de;0.003;de;1
https://www.rpv-vorpommern.de/datenschutzerklaerung;rpv-vorpommern.de;rpv-vorpommern.de;https://www.video-stream-hosting.com/datenschutz/;www.video-stream-hosting.com;https://www.video-stream-hosting.com/datenschutz/;--;de;0.003;de;1
https://www.rpv-vorpommern.de/livestream-verbandsversammlung;rpv-vorpommern.de;rpv-vorpommern.de;https://www.video-stream-hosting.com/datenschutz/;www.video-stream-hosting.com;video-stream-hosting.com;--;de;0.003;de;1
https://robuta.com/?q=steinmann;robuta.com;robuta.com;https://www.video-stream-hosting.com/;www.video-stream-hosting.com;"steinmann » video- und livestream-hosting mit support und datens";us;com;0;;1
https://rankzonedirectory.com/most-visited-website-list-1644/;rankzonedirectory.com;rankzonedirectory.com;https://video-stream-hosting.com/;video-stream-hosting.com;video-stream-hosting;us;com;0;;1
https://rankmeetsitesdirectory.com/most-visited-website-list-1349/;rankmeetsitesdirectory.com;rankmeetsitesdirectory.com;https://video-stream-hosting.com/;video-stream-hosting.com;video-stream-hosting;us;com;0;se;1
https://rankingwebdirectory.com/most-visited-website-list-1349/;rankingwebdirectory.com;rankingwebdirectory.com;https://video-stream-hosting.com/;video-stream-hosting.com;video-stream-hosting;gb;com;0;;1
https://rankhubdirectory.com/most-visited-website-list-1644/;rankhubdirectory.com;rankhubdirectory.com;https://video-stream-hosting.com/;video-stream-hosting.com;video-stream-hosting;us;com;0;;1
https://rankfastdirectory.com/most-visited-website-list-1349/;rankfastdirectory.com;rankfastdirectory.com;https://video-stream-hosting.com/;video-stream-hosting.com;video-stream-hosting;us;com;0;;1
https://rankeddirectory.com/directory-website-list-1349/;rankeddirectory.com;rankeddirectory.com;https://video-stream-hosting.com/;video-stream-hosting.com;video-stream-hosting;us;com;0;at;1
https://quero.party/report/84169;quero.party;quero.party;https://video-stream-hosting.com/;video-stream-hosting.com;video-stream-hosting.com;--;party;0;;0
https://prodirectoryguide.com/directory-website-list-1644/;prodirectoryguide.com;prodirectoryguide.com;https://video-stream-hosting.com/;video-stream-hosting.com;video-stream-hosting;us;com;0;;1
https://primesolodirectory.com/directory-website-list-1644/;primesolodirectory.com;primesolodirectory.com;https://video-stream-hosting.com/;video-stream-hosting.com;video-stream-hosting;us;com;0;;1
https://primedirectoryzone.com/directory-website-list-1349/;primedirectoryzone.com;primedirectoryzone.com;https://video-stream-hosting.com/;video-stream-hosting.com;video-stream-hosting;us;com;0;;1
https://primecompanydirectory.com/directory-website-list-1349-rank-higher-201/;primecompanydirectory.com;primecompanydirectory.com;https://video-stream-hosting.com/;video-stream-hosting.com;video-stream-hosting;us;com;0;;1
http://ppimmo.de.dd28704.kasserver.com/Datenschutz.htm;kasserver.com;ppimmo.de.dd28704.kasserver.com;https://www.video-stream-hosting.com/j/privacy;www.video-stream-hosting.com;https://www.video-stream-hosting.com/j/privacy;de;kasserver.com;0.0639;de;1
https://powerlinkdirectory.com/directory-website-list-1644-business-growth-892/;powerlinkdirectory.com;powerlinkdirectory.com;https://video-stream-hosting.com/;video-stream-hosting.com;video-stream-hosting;us;com;0;;1
https://postsdirectory.com/most-visited-website-list-1349/;postsdirectory.com;postsdirectory.com;https://video-stream-hosting.com/;video-stream-hosting.com;video-stream-hosting;us;com;0;;1
https://postlinkdirectory.com/most-visited-website-list-1349/;postlinkdirectory.com;postlinkdirectory.com;https://video-stream-hosting.com/;video-stream-hosting.com;video-stream-hosting;gb;com;0;br;1
https://pick4d.live/2025/11/03/cartier-watch-a-timeless-symbol-of-elegance-and-craftsmanship/;pick4d.live;pick4d.live;https://video-stream-hosting.com/;video-stream-hosting.com;video-stream-hosting;us;live;0;;0
https://optimizeflow.top/stats/84168;optimizeflow.top;optimizeflow.top;https://video-stream-hosting.com/;video-stream-hosting.com;video-stream-hosting.com;--;top;0;;0
https://www.ok-magdeburg.de/datenschutzrichtlinien/;ok-magdeburg.de;ok-magdeburg.de;https://www.video-stream-hosting.com/j/privacy;www.video-stream-hosting.com;https://www.video-stream-hosting.com/j/privacy;de;de;0.0125;de;1
https://nexioe.com/keyword-elite-google-adwords-keyword-tool-which-is-better/;nexioe.com;nexioe.com;https://video-stream-hosting.com/;video-stream-hosting.com;video-stream-hosting;us;com;0;;1
https://www.msxfaq.de/teams/meeting/teams_video_qualitaet.htm;msxfaq.de;msxfaq.de;https://www.video-stream-hosting.com/beratung-support/technische-tipps;www.video-stream-hosting.com;https://www.video-stream-hosting.com/beratung-support/technische;de;de;1.0726;ch;0
https://mostrankingdirectory.com/most-visited-website-list-1644/;mostrankingdirectory.com;mostrankingdirectory.com;https://video-stream-hosting.com/;video-stream-hosting.com;video-stream-hosting;us;com;0;;1
https://mostrankdirectory.com/most-visited-website-list-1349/;mostrankdirectory.com;mostrankdirectory.com;https://video-stream-hosting.com/;video-stream-hosting.com;video-stream-hosting;us;com;0;;1
https://mostrankddirectory.com/most-visited-website-list-1349/;mostrankddirectory.com;mostrankddirectory.com;https://video-stream-hosting.com/;video-stream-hosting.com;video-stream-hosting;us;com;0;;1
https://metamagic.top/stats/84169;metamagic.top;metamagic.top;https://video-stream-hosting.com/;video-stream-hosting.com;video-stream-hosting.com;--;top;0;;0
https://mediedirectory.com/most-visited-website-list-1644/;mediedirectory.com;mediedirectory.com;https://video-stream-hosting.com/;video-stream-hosting.com;video-stream-hosting;us;com;0;;1
https://mediazonedirectory.com/most-visited-website-list-1349/;mediazonedirectory.com;mediazonedirectory.com;https://video-stream-hosting.com/;video-stream-hosting.com;video-stream-hosting;us;com;0;;1
https://mediapostdirectory.com/most-visited-website-list-1349/;mediapostdirectory.com;mediapostdirectory.com;https://video-stream-hosting.com/;video-stream-hosting.com;video-stream-hosting;us;com;0;at;1
https://marketingzonedirectory.com/most-visited-website-list-1644/;marketingzonedirectory.com;marketingzonedirectory.com;https://video-stream-hosting.com/;video-stream-hosting.com;video-stream-hosting;us;com;0;;1
https://marketinghubdirectoy.com/most-visited-website-list-1349/;marketinghubdirectoy.com;marketinghubdirectoy.com;https://video-stream-hosting.com/;video-stream-hosting.com;video-stream-hosting;us;com;0;at;1
https://marketinghubdirectory.com/most-visited-website-list-1644/;marketinghubdirectory.com;marketinghubdirectory.com;https://video-stream-hosting.com/;video-stream-hosting.com;video-stream-hosting;us;com;0;;1
https://marketingdirectoy.com/most-visited-website-list-1349/;marketingdirectoy.com;marketingdirectoy.com;https://video-stream-hosting.com/;video-stream-hosting.com;video-stream-hosting;us;com;0;pl;1
https://lojclanlimvv.blogspot.com/;blogspot.com;lojclanlimvv.blogspot.com;https://video-stream-hosting.com/;video-stream-hosting.com;video-stream-hosting;us;com;0;;0
https://www.living-fine.de/datenschutz/;living-fine.de;living-fine.de;https://www.video-stream-hosting.com/j/privacy;www.video-stream-hosting.com;https://www.video-stream-hosting.com/j/privacy;de;de;0.0849;de;1
https://live-seite.sellerconnect.de/sitemap.xml;sellerconnect.de;live-seite.sellerconnect.de;https://www.video-stream-hosting.com/beratung-support/technische-tipps/;www.video-stream-hosting.com;video-stream-hosting.com;de;de;0.0113;de;0
https://linksammler-sator.de/video-streaming-server-frankfurt/;linksammler-sator.de;linksammler-sator.de;https://www.video-stream-hosting.com/;www.video-stream-hosting.com;https://www.video-stream-hosting.com;de;de;0;;0
https://linkpointdirectory.com/most-visited-website-list-1644/;linkpointdirectory.com;linkpointdirectory.com;https://video-stream-hosting.com/;video-stream-hosting.com;video-stream-hosting;gb;com;0;;1
https://linkhubdirectory.com/most-visited-website-list-1349/;linkhubdirectory.com;linkhubdirectory.com;https://video-stream-hosting.com/;video-stream-hosting.com;video-stream-hosting;us;com;0;;1
https://linkdirectoryzone.com/directory-website-list-1644/;linkdirectoryzone.com;linkdirectoryzone.com;https://video-stream-hosting.com/;video-stream-hosting.com;video-stream-hosting;us;com;0;;1
https://linkboostdirectory.com/directory-website-list-1349/;linkboostdirectory.com;linkboostdirectory.com;https://video-stream-hosting.com/;video-stream-hosting.com;video-stream-hosting;gb;com;0;;1
https://www.lausitz.tv/datenschutzerklaerung/;lausitz.tv;lausitz.tv;https://www.video-stream-hosting.com/datenschutz/;www.video-stream-hosting.com;https://www.video-stream-hosting.com/datenschutz/;de;tv;0.0363;de;0
https://knows.sbs/domain/domain/part/251476;knows.sbs;knows.sbs;https://video-stream-hosting.com/;video-stream-hosting.com;video-stream-hosting.com;fr;sbs;0;;0
https://kiuly.com/seo-content-writing-and-professional-article-services/;kiuly.com;kiuly.com;https://video-stream-hosting.com/;video-stream-hosting.com;video-stream-hosting;us;com;0;fr;1
https://www.kiteboarding-club.com/datenschutzerklaerung/;kiteboarding-club.com;kiteboarding-club.com;https://www.video-stream-hosting.com/sicherheit/;www.video-stream-hosting.com;www.video-stream-hosting.com/sicherheit/;de;com;0.459;eg;1
https://kanzlei-baum.de/datenschutz;kanzlei-baum.de;kanzlei-baum.de;https://www.video-stream-hosting.com/datenschutz/;www.video-stream-hosting.com;https://www.video-stream-hosting.com/j/privacy;de;de;0;de;1
https://js-steuerberater.de/datenschutz.html;js-steuerberater.de;js-steuerberater.de;https://www.video-stream-hosting.com/;www.video-stream-hosting.com;https://www.video-stream-hosting.com/;de;de;0.0001;de;1
https://jobst-symposium.de/datenschutz/;jobst-symposium.de;jobst-symposium.de;https://www.video-stream-hosting.com/datenschutz/;www.video-stream-hosting.com;https://www.video-stream-hosting.com/datenschutz/;de;de;0;;0
https://jobs.kvb.de/datenschutzerklaerung;kvb.de;jobs.kvb.de;https://www.video-stream-hosting.com/datenschutz/;www.video-stream-hosting.com;https://www.video-stream-hosting.com/datenschutz/;de;de;1.0763;de;1
https://islivenow.de/;islivenow.de;islivenow.de;https://www.video-stream-hosting.com/;www.video-stream-hosting.com;;de;de;0;;1
https://www.ifl-forschung.de/datenschutz;ifl-forschung.de;ifl-forschung.de;https://www.video-stream-hosting.com/j/privacy;www.video-stream-hosting.com;https://www.video-stream-hosting.com/j/privacy;de;de;0.0001;de;1
https://www.holgermarek.de/de/kanzlei/impressum_haftung/;holgermarek.de;holgermarek.de;https://www.video-stream-hosting.com/j/privacy;www.video-stream-hosting.com;https://www.video-stream-hosting.com/j/privacy;de;de;0;;0
https://highauthoritydirectory.com/directory-website-list-1349/;highauthoritydirectory.com;highauthoritydirectory.com;https://video-stream-hosting.com/;video-stream-hosting.com;video-stream-hosting;us;com;0;;1
https://www.herzberg-elster.de/seite/503786/online-sitzungen-ratsinformationssystem.html;herzberg-elster.de;herzberg-elster.de;https://www.video-stream-hosting.com/;www.video-stream-hosting.com;;de;de;0.1003;de;0
https://www.heckler-steuerkanzlei.de/datenschutz/datenschutzerklaerung-internetauftritt/;heckler-steuerkanzlei.de;heckler-steuerkanzlei.de;https://www.video-stream-hosting.com/;www.video-stream-hosting.com;https://www.video-stream-hosting.com/;de;de;0.0025;de;1
https://www.happe.de/datenschutz/;happe.de;happe.de;https://www.video-stream-hosting.com/j/privacy;www.video-stream-hosting.com;https://www.video-stream-hosting.com/j/privacy;de;de;0.0088;de;1
https://guestpostwebdirectory.com/most-visited-website-list-1349/;guestpostwebdirectory.com;guestpostwebdirectory.com;https://video-stream-hosting.com/;video-stream-hosting.com;video-stream-hosting;us;com;0;;1
https://guestpostsdirectory.com/most-visited-website-list-1644/;guestpostsdirectory.com;guestpostsdirectory.com;https://video-stream-hosting.com/;video-stream-hosting.com;video-stream-hosting;us;com;0;;1
https://www.goerlitz.de/Stadtratsitzung-Livestream.html;goerlitz.de;goerlitz.de;https://www.video-stream-hosting.com/datenschutz/;www.video-stream-hosting.com;datenschutz;de;de;0.8871;de;1
https://www.goerlitz.de/Stadtratsitzung-Livestream.html;goerlitz.de;goerlitz.de;https://www.video-stream-hosting.com/video-streaming/videoplayer/;www.video-stream-hosting.com;https://www.video-stream-hosting.com/video-streaming/videoplayer;de;de;0.8871;de;1
https://globalrankdirectory.com/directory-website-list-1644/;globalrankdirectory.com;globalrankdirectory.com;https://video-stream-hosting.com/;video-stream-hosting.com;video-stream-hosting;gb;com;0;;1
https://globalmaxdirectory.com/directory-website-list-1644/;globalmaxdirectory.com;globalmaxdirectory.com;https://video-stream-hosting.com/;video-stream-hosting.com;video-stream-hosting;us;com;0;;1
https://global-websites.pages.dev/47/NefrGIlmOI;pages.dev;global-websites.pages.dev;https://video-stream-hosting.com/;video-stream-hosting.com;video-stream-hosting.com;us;dev;0;;0
https://global-website.pages.dev/07/ovDeNBeHvy;pages.dev;global-website.pages.dev;https://video-stream-hosting.com/;video-stream-hosting.com;video-stream-hosting.com;us;dev;0;;0
https://global-ranks.pages.dev/47/NefrGIlmOI;pages.dev;global-ranks.pages.dev;https://video-stream-hosting.com/;video-stream-hosting.com;video-stream-hosting.com;us;dev;0;;0
https://global-rank.vercel.app/07/ovDeNBeHvy.html;vercel.app;global-rank.vercel.app;https://video-stream-hosting.com/;video-stream-hosting.com;video-stream-hosting.com;us;app;0;;0
https://global-rank.pages.dev/07/ovDeNBeHvy;pages.dev;global-rank.pages.dev;https://video-stream-hosting.com/;video-stream-hosting.com;video-stream-hosting.com;us;dev;0;;0
https://www.gerhard-kaiser.de/de/das_sind_wir/impressum/index.html;gerhard-kaiser.de;gerhard-kaiser.de;https://www.video-stream-hosting.com/j/privacy;www.video-stream-hosting.com;https://www.video-stream-hosting.com/j/privacy;de;de;0.0003;de;0
https://www.foerdernavigator-brandenburg.de/de/datenschutz;foerdernavigator-brandenburg.de;foerdernavigator-brandenburg.de;https://www.video-stream-hosting.com/;www.video-stream-hosting.com;https://www.video-stream-hosting.com;ir;de;0;;1
https://fduty.com/website-list-1349/;fduty.com;fduty.com;https://video-stream-hosting.com/;video-stream-hosting.com;video-stream-hosting;us;com;0;;1
https://www.fc-steuer.de/de/%C3%BCber_uns/datenschutzerkl%C3%A4rung/index_ger.html;fc-steuer.de;fc-steuer.de;https://www.video-stream-hosting.com/j/privacy;www.video-stream-hosting.com;https://www.video-stream-hosting.com/j/privacy;de;de;0.0001;de;0
https://fastrankingdirectory.com/most-visited-website-list-1349/;fastrankingdirectory.com;fastrankingdirectory.com;https://video-stream-hosting.com/;video-stream-hosting.com;video-stream-hosting;gb;com;0;;1
https://fastrankdirectory.com/most-visited-website-list-1644/;fastrankdirectory.com;fastrankdirectory.com;https://video-stream-hosting.com/;video-stream-hosting.com;video-stream-hosting;gb;com;0;;1
https://fastoq.com/keyword-elite-google-adwords-keyword-tool-which-is-better/;fastoq.com;fastoq.com;https://video-stream-hosting.com/;video-stream-hosting.com;video-stream-hosting;us;com;0;;1
https://enterprisedirectoryhub.com/directory-website-list-1644-business-growth-892/;enterprisedirectoryhub.com;enterprisedirectoryhub.com;https://video-stream-hosting.com/;video-stream-hosting.com;video-stream-hosting;us;com;0;;1
https://eliterankdirectory.com/directory-website-list-1349-rank-higher-201/;eliterankdirectory.com;eliterankdirectory.com;https://video-stream-hosting.com/;video-stream-hosting.com;video-stream-hosting;us;com;0;;1
https://www.eldor-stb.de/de/kanzlei/datenschutzerkl%C3%A4rung/;eldor-stb.de;eldor-stb.de;https://www.video-stream-hosting.com/j/privacy;www.video-stream-hosting.com;https://www.video-stream-hosting.com/j/privacy;de;de;0.0003;de;0
https://dstg-gewerkschaftstag-sachsen.de/agenda;dstg-gewerkschaftstag-sachsen.de;dstg-gewerkschaftstag-sachsen.de;https://www.video-stream-hosting.com/datenschutz/;www.video-stream-hosting.com;"video stream hosting, firma linda und soeren steinmann gbr";--;de;0;;1
https://drjack.world/report/84168;drjack.world;drjack.world;https://video-stream-hosting.com/;video-stream-hosting.com;video-stream-hosting.com;--;world;0;;0
https://dotiqo.com/keyword-elite-google-adwords-keyword-tool-which-is-better/;dotiqo.com;dotiqo.com;https://video-stream-hosting.com/;video-stream-hosting.com;video-stream-hosting;us;com;0;;1
https://directorycloudhub.com/directory-website-list-1349/;directorycloudhub.com;directorycloudhub.com;https://video-stream-hosting.com/;video-stream-hosting.com;video-stream-hosting;us;com;0;;1
https://die-heilberufeberater.de/datenschutz.html;die-heilberufeberater.de;die-heilberufeberater.de;https://www.video-stream-hosting.com/;www.video-stream-hosting.com;https://www.video-stream-hosting.com/;de;de;0.0009;de;1
https://dfo-nrw-schulleitung.de/mod/page/view.php?id=26;dfo-nrw-schulleitung.de;dfo-nrw-schulleitung.de;https://www.video-stream-hosting.com/;www.video-stream-hosting.com;"firma linda und soeren steinmann gbr video-stream-hosting anbi";us;de;0;;1
https://datarhei.github.io/restreamer/docs/learn-more-features.html;github.io;datarhei.github.io;http://www.video-stream-hosting.com/;www.video-stream-hosting.com;http://www.video-stream-hosting.com/;--;io;0;;1
https://datarhei.github.io/restreamer/docs/guides-wowza.html;github.io;datarhei.github.io;http://www.video-stream-hosting.com/;www.video-stream-hosting.com;video-stream-hosting;--;io;0;;1
https://datarhei.github.io/restreamer/docs/guides-wowza.html;github.io;datarhei.github.io;http://www.video-stream-hosting.com/;www.video-stream-hosting.com;video-stream-hosting;nl;io;0;;1
https://daisye.pages.dev/08/NefrGIlmOI;pages.dev;daisye.pages.dev;https://video-stream-hosting.com/;video-stream-hosting.com;video-stream-hosting.com;us;dev;0;;0
https://dailymusings.top/stats/84168;dailymusings.top;dailymusings.top;https://video-stream-hosting.com/;video-stream-hosting.com;video-stream-hosting.com;--;top;0;;0
https://creativeposts.top/stats/84169;creativeposts.top;creativeposts.top;https://video-stream-hosting.com/;video-stream-hosting.com;video-stream-hosting.com;--;top;0;;0
https://www.conscienta.de/service/datenschutz-fsw;conscienta.de;conscienta.de;https://www.video-stream-hosting.com/j/privacy;www.video-stream-hosting.com;https://www.video-stream-hosting.com/j/privacy;de;de;0.0017;de;1
https://www.consalto.de/datenschutz/mandanten_mandatsverhaeltnis/;consalto.de;consalto.de;https://www.video-stream-hosting.com/j/privacy;www.video-stream-hosting.com;https://www.video-stream-hosting.com/j/privacy;de;de;0.0053;de;0
https://clicktorankdirectoy.com/most-visited-website-list-1349/;clicktorankdirectoy.com;clicktorankdirectoy.com;https://video-stream-hosting.com/;video-stream-hosting.com;video-stream-hosting;us;com;0;;1
https://clicktobuydirectory.com/most-visited-website-list-1349/;clicktobuydirectory.com;clicktobuydirectory.com;https://video-stream-hosting.com/;video-stream-hosting.com;video-stream-hosting;us;com;0;;1
https://byteyo.com/keyword-elite-google-adwords-keyword-tool-which-is-better/;byteyo.com;byteyo.com;https://video-stream-hosting.com/;video-stream-hosting.com;video-stream-hosting;us;com;0;;1
https://byteshort.xyz/report/84168;byteshort.xyz;byteshort.xyz;https://video-stream-hosting.com/;video-stream-hosting.com;video-stream-hosting.com;--;xyz;0;;0
https://bye.fyi/report/84169;bye.fyi;bye.fyi;https://video-stream-hosting.com/;video-stream-hosting.com;video-stream-hosting.com;--;fyi;0;;0
https://buzzshrink.website/share/84169;buzzshrink.website;buzzshrink.website;https://video-stream-hosting.com/;video-stream-hosting.com;video-stream-hosting.com;--;website;0;;0
https://businesswebsitesdirectory.com/most-visited-website-list-1349/;businesswebsitesdirectory.com;businesswebsitesdirectory.com;https://video-stream-hosting.com/;video-stream-hosting.com;video-stream-hosting;us;com;0;;1
https://businessrankdirectory.com/directory-website-list-1349/;businessrankdirectory.com;businessrankdirectory.com;https://video-stream-hosting.com/;video-stream-hosting.com;video-stream-hosting;us;com;0;;1
https://businesslistingportal.com/directory-website-list-1644-business-growth-892/;businesslistingportal.com;businesslistingportal.com;https://video-stream-hosting.com/;video-stream-hosting.com;video-stream-hosting;us;com;0;;1
https://bs-vt.com/html/impress.php;bs-vt.com;bs-vt.com;https://www.video-stream-hosting.com/datenschutz/;www.video-stream-hosting.com;video-stream-hosting.com/datenschutz/;de;com;0;;1
https://blueinblue.com/report/84168;blueinblue.com;blueinblue.com;https://video-stream-hosting.com/;video-stream-hosting.com;video-stream-hosting.com;sg;com;0;;0
https://bluecantera.com/dark-side-links-dark-white-hat-link-building-316/;bluecantera.com;bluecantera.com;https://video-stream-hosting.com/;video-stream-hosting.com;"join our telegram https://t.me/s/darksidelinks";us;com;0;;0
https://blogsphere.top/stats/84168;blogsphere.top;blogsphere.top;https://video-stream-hosting.com/;video-stream-hosting.com;video-stream-hosting.com;--;top;0;;0
https://bestbusniessdirectory.com/most-visited-website-list-1349/;bestbusniessdirectory.com;bestbusniessdirectory.com;https://video-stream-hosting.com/;video-stream-hosting.com;video-stream-hosting;us;com;0;;1
https://bergrathsiebert.com/html/impress.php;bergrathsiebert.com;bergrathsiebert.com;https://www.video-stream-hosting.com/datenschutz/;www.video-stream-hosting.com;video-stream-hosting.com/datenschutz/;de;com;0;;1
https://www.bergischesymphoniker.de/datenschutz/;bergischesymphoniker.de;bergischesymphoniker.de;https://www.video-stream-hosting.com;www.video-stream-hosting.com;https://www.video-stream-hosting.com;de;de;0.0148;at;1
https://www.bergischesymphoniker.de/datenschutz/;bergischesymphoniker.de;bergischesymphoniker.de;https://www.video-stream-hosting.com/datenschutz/;www.video-stream-hosting.com;https://www.video-stream-hosting.com/datenschutz/;de;de;0.0148;at;1
https://backlinks-checker.com/share/84168;backlinks-checker.com;backlinks-checker.com;https://video-stream-hosting.com;video-stream-hosting.com;video-stream-hosting.com;fi;com;0;;0
https://backlinks-checker.com/share/84168;backlinks-checker.com;backlinks-checker.com;https://video-stream-hosting.com/;video-stream-hosting.com;video-stream-hosting.com;fi;com;0;;0
https://backlinkboostdirectory.com/directory-website-list-1644-business-growth-892/;backlinkboostdirectory.com;backlinkboostdirectory.com;https://video-stream-hosting.com/;video-stream-hosting.com;video-stream-hosting;us;com;0;;1
https://authorityprodirectory.com/directory-website-list-1349/;authorityprodirectory.com;authorityprodirectory.com;https://video-stream-hosting.com/;video-stream-hosting.com;video-stream-hosting;gb;com;0;se;1
https://atomizelink.icu/report/84168;atomizelink.icu;atomizelink.icu;https://video-stream-hosting.com/;video-stream-hosting.com;video-stream-hosting.com;--;icu;0;;0
https://apsoz.com/keyword-elite-google-adwords-keyword-tool-which-is-better/;apsoz.com;apsoz.com;https://video-stream-hosting.com/;video-stream-hosting.com;video-stream-hosting;us;com;0;;1
https://anchorurl.cloud/share/84169;anchorurl.cloud;anchorurl.cloud;https://video-stream-hosting.com/;video-stream-hosting.com;video-stream-hosting.com;--;cloud;0;;0
https://analyticshaven.top/stats/84169;analyticshaven.top;analyticshaven.top;https://video-stream-hosting.com/;video-stream-hosting.com;video-stream-hosting.com;--;top;0;;0
https://allistingdirectory.com/directory-website-list-1349/;allistingdirectory.com;allistingdirectory.com;https://video-stream-hosting.com/;video-stream-hosting.com;video-stream-hosting;gb;com;0;;1
https://allbusinesdirectory.com/most-visited-website-list-1349/;allbusinesdirectory.com;allbusinesdirectory.com;https://video-stream-hosting.com/;video-stream-hosting.com;video-stream-hosting;gb;com;0;;1
https://algolinkers.com/boost-your-website-with-our-organic-link-building-services-87/;algolinkers.com;algolinkers.com;https://video-stream-hosting.com/;video-stream-hosting.com;video-stream-hosting.com;us;com;0;;0
https://ailistingdirectory.com/directory-website-list-1349/;ailistingdirectory.com;ailistingdirectory.com;https://video-stream-hosting.com/;video-stream-hosting.com;video-stream-hosting;us;com;0;;1
https://ahrefs-links.com/directory-website-list-1349-rank-higher-201/;ahrefs-links.com;ahrefs-links.com;https://video-stream-hosting.com/;video-stream-hosting.com;video-stream-hosting;us;com;0;;1
https://www.ag-wanderfalken.de/;ag-wanderfalken.de;ag-wanderfalken.de;https://www.video-stream-hosting.com;www.video-stream-hosting.com;;de;de;0.109;de;1
https://adam-steuerberatung.com/datenschutz/;adam-steuerberatung.com;adam-steuerberatung.com;https://www.video-stream-hosting.com/j/privacy;www.video-stream-hosting.com;https://www.video-stream-hosting.com/j/privacy;de;com;0;de;1
